id,state,count,zip,project,xlong,ylat
3119490,OK,Ellis,40045,25 Mile Creek,-99.741096,36.423683
3124158,OK,Ellis,40045,25 Mile Creek,-99.796494,36.503357
3072695,CA,Kern,06029,251 Wind,-118.36441,35.077435
3072661,CA,Kern,06029,251 Wind,-118.363762,35.077908
3053390,IA,Boone,19015,30 MW Iowa DG Portfolio,-93.700424,41.977608
3049502,IA,Story,19169,30 MW Iowa DG Portfolio,-93.518082,42.01363
3046262,MA,Barnstable,25001,6th Space Warning Squadron,-70.541801,41.752491
3046335,MA,Barnstable,25001,6th Space Warning Squadron,-70.545303,41.754192
3039278,MA,Barnstable,25001,AFCEE MMR Turbines,-70.547798,41.75959
3039277,MA,Barnstable,25001,AFCEE MMR Turbines,-70.545303,41.757591
3035472,IA,Story,19169,AG Land 1,-93.325691,42.20639
3038256,IA,Story,19169,AG Land 2,-93.428093,42.146091
3038255,IA,Story,19169,AG Land 3,-93.431992,42.145592
3038257,IA,Story,19169,AG Land 4,-93.354897,41.904194
3037763,IA,Hamilton,19079,AG Land 5,-93.632095,42.335491
3037762,IA,Hamilton,19079,AG Land 6,-93.636795,42.335491
3014725,OH,Wood,39173,AMP-Ohio/Green Mountain Energy Wind Farm,-83.736298,41.384693
3014014,OH,Wood,39173,AMP-Ohio/Green Mountain Energy Wind Farm,-83.736298,41.382492
3025876,IA,Adair,19001,Adair,-94.647491,41.443691
3025849,IA,Adair,19001,Adair,-94.695595,41.445194
3049497,IA,Adams,19003,Adams,-94.671776,40.91991
3053007,IA,Adams,19003,Adams,-94.678551,40.951794
3034117,MN,Meeker,27093,"Adams Wind Generations, LLC",-94.731689,44.916992
3034119,MN,Meeker,27093,"Adams Wind Generations, LLC",-94.72319,44.916992
3011790,MN,Clay,27027,Agassiz Beach,-96.435493,47.005192
3074568,MN,Clay,27027,Agassiz Beach,-96.427513,47.005146
3022061,IL,Bureau,17011,Agriwind,-89.618896,41.297791
3022060,IL,Bureau,17011,Agriwind,-89.623596,41.301693
3015466,NE,Brown,31017,Ainsworth Wind Project (NPPD),-99.877426,42.460644
3015346,NE,Brown,31017,Ainsworth Wind Project (NPPD),-99.900894,42.453094
3034436,MA,Barnstable,25001,Air Force (Barnstable),-70.591103,41.657692
3023379,WY,Laramie,56021,Air Force (Laramie),-104.884689,41.178291
3011487,IA,Plymouth,19149,Akron-Westfield School District,-96.541191,42.829891
3046768,KS,Rush,20165,Alexander,-99.564278,38.412891
3046761,KS,Rush,20165,Alexander,-99.536957,38.45303
3025451,CA,Kern,06029,Alite Wind Farm,-118.335289,35.037697
3025446,CA,Kern,06029,Alite Wind Farm,-118.345291,35.035194
3027824,PA,Cambria,42021,Allegheny Ridge,-78.616394,40.382492
3137795,PA,Blair,42013,Allegheny Ridge,-78.542046,40.448242
3124562,IL,De Witt,17039,Alta Farms II,-89.079567,40.2048
3124544,IL,De Witt,17039,Alta Farms II,-89.091759,40.20594
3036483,CA,Kern,06029,Alta I,-118.386787,35.027794
3036496,CA,Kern,06029,Alta I,-118.366287,35.037796
3039883,CA,Kern,06029,Alta II,-118.235176,35.017097
3048639,CA,Kern,06029,Alta II,-118.223885,35.008194
3048540,CA,Kern,06029,Alta III,-118.30809,35.000496
3036025,CA,Kern,06029,Alta III,-118.30629,35.002296
3040467,CA,Kern,06029,Alta IV,-118.258286,35.023193
3040458,CA,Kern,06029,Alta IV,-118.341988,35.035896
3048533,CA,Kern,06029,Alta V,-118.252487,35.012894
3048529,CA,Kern,06029,Alta V,-118.241989,35.014896
3036529,CA,Kern,06029,Alta VI (partial),-118.29509,35.028397
3036318,CA,Kern,06029,Alta VI (partial),-118.319588,35.010593
3035584,CA,Kern,06029,Alta VIII (partial),-118.25029,34.990494
3044800,CA,Kern,06029,Alta VIII (partial),-118.220291,35.027294
3047245,CA,Kern,06029,Alta X,-118.210579,35.103497
3047242,CA,Kern,06029,Alta X,-118.215881,35.108219
3048865,CA,Kern,06029,Alta XI,-118.384689,35.085995
3048723,CA,Kern,06029,Alta XI,-118.369087,35.105858
3011214,CA,Riverside,06065,Altech III,-116.584785,33.893696
3134750,CA,Riverside,06065,Altech III,-116.585548,33.890774
3107784,TX,Fisher,48151,Amadeus,-100.587402,32.875156
3107783,TX,Fisher,48151,Amadeus,-100.601463,32.879761
3049655,IN,Benton,18007,Amazon Wind Farm (Fowler Ridge),-87.408295,40.630741
3049660,IN,Benton,18007,Amazon Wind Farm (Fowler Ridge),-87.354095,40.633232
3079941,TX,Scurry,48415,Amazon Wind Farm Texas,-100.960236,32.906822
3061996,TX,Scurry,48415,Amazon Wind Farm Texas,-101.004486,32.889423
3075500,OH,Paulding,39125,Amazon Wind Farm US Central,-84.73642,41.157116
3053577,OH,Paulding,39125,Amazon Wind Farm US Central,-84.737198,41.112072
3049379,NC,Perquimans,37143,Amazon Wind Farm US East,-76.439766,36.304138
3049354,NC,Pasquotank,37139,Amazon Wind Farm US East,-76.388901,36.311218
3027324,TX,Lubbock,48303,American Windmill Museum,-101.823891,33.580894
3044269,TX,Kinney,48271,Anacacho,-100.212791,29.177795
3007980,TX,Kinney,48271,Anacacho,-100.18203,29.180489
3051558,NM,Chaves,35005,Anderson Wind Project,-103.854271,33.014404
3051551,NM,Chaves,35005,Anderson Wind Project,-103.869209,33.013515
3048446,CA,Solano,06095,Anheuser-Busch Fairfield,-122.092079,38.233505
3040085,CA,Solano,06095,Anheuser-Busch Fairfield,-122.089287,38.232296
3133632,WY,Natrona,56025,Anticline Wind,-106.245605,43.187435
3133895,WY,Natrona,56025,Anticline Wind,-106.26873,43.212772
3089227,NH,Hillsborough,33011,Antrim,-72.023994,43.043133
3089642,NH,Hillsborough,33011,Antrim,-72.00782,43.067608
3036081,TX,Denton,48121,Apogee Stadium Wind,-97.160889,33.200092
3036080,TX,Denton,48121,Apogee Stadium Wind,-97.160889,33.202095
3063198,NC,Watauga,37189,Appalachian State,-81.692024,36.213341
3123588,TX,Upton,48461,Appaloosa Run,-101.868927,31.151867
3123581,TX,Upton,48461,Appaloosa Run,-101.863144,31.166939
3078072,MI,Huron,26063,Apple Blossom,-83.316711,43.818718
3076487,MI,Huron,26063,Apple Blossom,-83.304985,43.833988
3043058,MA,Essex,25009,Applied Materials,-70.649399,42.628193
3120762,NM,Guadalupe,35019,Aragone Mesa,-105.112175,34.804577
3120750,NM,Guadalupe,35019,Aragone Mesa,-105.083221,34.827042
3119889,NM,Guadalupe,35019,Aragonne Mesa 2,-104.982239,34.825035
3118773,NM,Guadalupe,35019,Aragonne Mesa 2,-105.011391,34.821106
3117340,NM,Guadalupe,35019,Aragonne Mesa 2 Expansion,-105.042343,34.810493
3117073,NM,Guadalupe,35019,Aragonne Mesa 2 Expansion,-105.147125,34.807648
3088056,IA,Adair,19001,Arbor Hill,-94.331902,41.398754
3089835,IA,Adair,19001,Arbor Hill,-94.326408,41.426868
3098735,IA,Adair,19001,Arbor Hill 2019,-94.457558,41.498928
3098532,IA,Adair,19001,Arbor Hill 2019,-94.450508,41.485687
3050941,OK,Murray,40099,Arbuckle Mountain,-97.208153,34.394436
3050940,OK,Murray,40099,Arbuckle Mountain,-97.2108,34.394485
3034161,OH,Fulton,39051,Archbold Local Schools Wind Turbine,-84.315895,41.51519
3072609,IL,Coles,17029,Arends Brothers,-88.02977,39.531311
3075472,NY,Chautauqua,36013,Arkwright Summit,-79.214523,42.381958
3075481,NY,Chautauqua,36013,Arkwright Summit,-79.215973,42.393768
3089481,OK,Garfield,40047,Armadillo Flats,-97.516853,36.301064
3090270,OK,Garfield,40047,Armadillo Flats,-97.612282,36.336399
3028162,PA,Bradford,42015,Armenia Mountain,-76.886299,41.764591
3028134,PA,Tioga,42117,Armenia Mountain,-76.984695,41.743191
3015821,MN,Nobles,27105,Arnold Wind Farm,-95.844292,43.752693
3029654,ND,Steele,38091,Ashtabula II,-97.91449,47.302094
3030878,ND,Steele,38091,Ashtabula II,-97.943687,47.295094
3035174,ND,Barnes,38003,Ashtabula III,-97.960091,47.118793
3035166,ND,Barnes,38003,Ashtabula III,-97.991493,47.078892
3104452,ND,Barnes,38003,Ashtabula Wind Center,-97.945793,47.111191
3104450,ND,Barnes,38003,Ashtabula Wind Center,-97.93129,47.136791
3060851,IA,Taylor,19173,August Wind Energy LLC,-94.475632,40.764946
3087268,SD,Aurora,46003,Aurora Wind,-98.762352,43.72617
3086627,SD,Aurora,46003,Aurora Wind,-98.765915,43.717918
3010715,CO,Adams,08001,Aurora Wal-Mart,-104.773087,39.760796
3041367,HI,Maui,15009,Auwahi Wind,-156.31839,20.601097
3041368,HI,Maui,15009,Auwahi Wind,-156.318481,20.599096
3100144,TX,Coke,48081,Aviator Wind,-100.68943,31.833712
3099196,TX,Coke,48081,Aviator Wind,-100.531433,31.777058
3117514,TX,Throckmorton,48447,Azure Sky Wind Project,-99.253029,33.213303
3118947,TX,Throckmorton,48447,Azure Sky Wind Project,-99.328606,33.175049
3072052,WY,Carbon,56007,BLM-JCI,-107.241638,41.797478
3061794,KS,Kiowa,20097,BTI Wind,-99.269791,37.606895
3129684,AZ,Coconino,04005,Babbitt Ranch Wind,-111.832962,35.693123
3133850,AZ,Coconino,04005,Babbitt Ranch Wind,-111.929039,35.63203
3087206,PR,Catano Municipio,72033,Bacardi Puerto Rico,-66.138809,18.459276
3087203,PR,Catano Municipio,72033,Bacardi Puerto Rico,-66.138756,18.458668
3048168,TX,Kenedy,48261,Baffin,-97.610054,27.167786
3048154,TX,Kenedy,48261,Baffin,-97.493141,27.197016
3121578,ND,Burleigh,38015,Baldwin,-100.694191,47.087891
3121529,ND,Burleigh,38015,Baldwin,-100.713989,47.100391
3047607,OK,Beaver,40007,Balko Wind,-100.79438,36.534863
3047620,OK,Beaver,40007,Balko Wind,-100.854462,36.556118
3129904,NY,Chautauqua,36013,Ball Hill Wind,-79.14872,42.391869
3130132,NY,Chautauqua,36013,Ball Hill Wind,-79.168526,42.407494
3004024,MA,Barnstable,25001,Barnstable Wastewater Treatment Facility,-70.306396,41.663692
3009821,MA,Barnstable,25001,Barnstable Wastewater Treatment Facility,-70.304802,41.664291
3125996,NY,Steuben,36101,Baron Winds I,-77.54911,42.478436
3126094,NY,Steuben,36101,Baron Winds I,-77.541016,42.454201
3035855,CA,San Bernardino,06071,Barstow Marine Logistics Base,-116.959785,34.862396
3027689,IA,Worth,19195,Barton,-93.132195,43.421791
3025598,IA,Worth,19195,Barton,-93.120094,43.379192
3033319,TX,Jack,48237,Barton Chapel,-98.309593,33.068195
3025168,TX,Jack,48237,Barton Chapel,-98.375893,33.057293
3043327,NJ,Hudson,34017,Bayonne Wind Energy Project,-74.117699,40.652794
3069787,PA,Luzerne,42079,Bear Creek,-75.756187,41.235924
3069782,PA,Luzerne,42079,Bear Creek,-75.761642,41.235184
3078805,TX,Glasscock,48173,Bearkat I,-101.581696,31.777706
3079447,TX,Glasscock,48173,Bearkat I,-101.642288,31.754644
3098631,TX,Glasscock,48173,Bearkat II,-101.665428,31.762651
3098421,TX,Glasscock,48173,Bearkat II,-101.657707,31.739975
3077992,IA,Greene,19073,Beaver Creek,-94.190491,42.135601
3077105,IA,Boone,19015,Beaver Creek,-94.138008,42.109871
3087478,IA,Greene,19073,Beaver Creek II,-94.201118,42.056992
3087155,IA,Greene,19073,Beaver Creek II,-94.28569,42.143677
3042059,MI,Gratiot,26057,Beebe 1B,-84.541328,43.2995
3042045,MI,Gratiot,26057,Beebe 1B,-84.500153,43.313011
3042070,MI,Gratiot,26057,Beebe Community Wind,-84.491592,43.28709
3043066,MI,Gratiot,26057,Beebe Community Wind,-84.554794,43.281593
3042649,WV,Greenbrier,54025,Beech Ridge,-80.475998,38.106594
3042637,WV,Greenbrier,54025,Beech Ridge,-80.547501,38.100594
3099215,WV,Greenbrier,54025,Beech Ridge II,-80.653358,38.083824
3098076,WV,Greenbrier,54025,Beech Ridge II,-80.623146,38.106834
3049586,SD,Charles Mix,46023,"Beethoven Wind, LLC",-98.110992,43.147213
3049583,SD,Charles Mix,46023,"Beethoven Wind, LLC",-98.099991,43.149441
3072607,OH,Sandusky,39143,Bellevue High School,-82.846031,41.282417
3111290,IL,Marshall,17123,Bennington,-89.063408,40.92791
3112237,IL,Marshall,17123,Bennington,-89.100723,40.947468
3055277,OR,Baker,41001,Benson Creek,-117.279434,44.423641
3055278,OR,Baker,41001,Benson Creek,-117.276726,44.424286
3031177,MN,Freeborn,27047,Bent Tree,-93.499092,43.784191
3031150,MN,Freeborn,27047,Bent Tree,-93.460991,43.749992
3034487,MA,Franklin,25011,Berkshire East Ski Area,-72.866798,42.616291
3034428,MA,Berkshire,25003,Berkshire Wind,-73.273895,42.592392
3031938,MA,Berkshire,25003,Berkshire Wind,-73.274101,42.582291
3092344,MA,Berkshire,25003,Berkshire Wind Power Project Phase II,-73.272575,42.596577
3093240,MA,Berkshire,25003,Berkshire Wind Power Project Phase II,-73.271652,42.599884
3057598,TX,Castro,48069,Bethel,-102.501396,34.562302
3057446,TX,Castro,48069,Bethel,-102.410629,34.518261
3086174,AK,Bethel Census Area,02050,Bethel Wind Turbine,-161.886581,60.780571
3037546,MN,Faribault,27043,Big Blue Wind Farm,-94.202995,43.612392
3037530,MN,Faribault,27043,Big Blue Wind Farm,-94.242889,43.64439
3019134,WA,Klickitat,53039,Big Horn,-120.273788,45.868694
3019055,WA,Klickitat,53039,Big Horn,-120.268684,45.935295
3035548,WA,Klickitat,53039,Big Horn 2,-120.289185,45.952293
3078126,WA,Klickitat,53039,Big Horn 2,-120.317932,45.92894
3089499,PA,Potter,42105,Big Level,-77.672417,41.865211
3089492,PA,Potter,42105,Big Level,-77.671051,41.906235
3135739,IL,Lee,17103,Big Sky Wind,-89.409592,41.592392
3135713,IL,Lee,17103,Big Sky Wind,-89.364601,41.626564
3035593,OK,Roger Mills,40129,Big Smile Wind Farm at Dempsey Ridge,-99.768089,35.532295
3035643,OK,Roger Mills,40129,Big Smile Wind Farm at Dempsey Ridge,-99.860092,35.549793
3010504,TX,Howard,48227,Big Spring I,-101.364891,32.170494
3009792,TX,Howard,48227,Big Spring I,-101.421494,32.215195
3010186,TX,Howard,48227,Big Spring II,-101.399994,32.213795
3062993,TX,Howard,48227,Big Spring II,-101.404388,32.214096
3075370,MT,Sweet Grass,30097,Big Timber,-109.648743,45.841518
3075374,MT,Sweet Grass,30097,Big Timber,-109.660301,45.83342
3046085,MI,Huron,26063,Big Turtle,-82.748146,43.870831
3046486,MI,Huron,26063,Big Turtle,-82.761482,43.886681
3061253,MI,Huron,26063,Big Turtle II,-82.81028,43.941006
3060941,MI,Huron,26063,Big Turtle II,-82.800011,43.934017
3074349,IL,Cook,17031,Big Windy,-87.865189,41.955463
3023423,OR,Sherman,41055,Biglow Canyon I,-120.592789,45.664394
3023390,OR,Sherman,41055,Biglow Canyon I,-120.629684,45.663692
3028651,OR,Sherman,41055,Biglow Canyon II,-120.651588,45.633694
3028628,OR,Sherman,41055,Biglow Canyon II,-120.640182,45.614693
3032639,OR,Sherman,41055,Biglow Canyon III,-120.536087,45.639793
3032658,OR,Sherman,41055,Biglow Canyon III,-120.510887,45.635094
3018322,MN,Cottonwood,27033,Bingham Lake,-95.062988,43.957191
3018321,MN,Cottonwood,27033,Bingham Lake,-95.03199,43.969692
3052523,ME,Somerset,23025,Bingham Wind,-69.700439,45.116833
3052545,ME,Piscataquis,23021,Bingham Wind,-69.63205,45.15871
3061265,IA,Taylor,19173,Birch Power LLC,-94.474396,40.767693
3039724,IL,Henry,17073,Bishop Hill I,-90.169792,41.24839
3043444,IL,Henry,17073,Bishop Hill I,-90.135994,41.221092
3043441,IL,Henry,17073,Bishop Hill II,-90.095291,41.268192
3043443,IL,Henry,17073,Bishop Hill II,-90.096497,41.258392
3083731,IL,Henry,17073,Bishop Hill III,-90.313454,41.239128
3084255,IL,Henry,17073,Bishop Hill III,-90.283081,41.208801
3031919,ND,Morton,38059,Bison 1B (2011),-101.532089,46.973892
3031921,ND,Morton,38059,Bison 1B (2011),-101.559593,46.954193
3031925,ND,Morton,38059,Bison Wind 1A,-101.52359,46.962093
3038307,ND,Oliver,38065,Bison Wind 1A,-101.520287,46.994892
3037398,ND,Oliver,38065,Bison Wind 1B,-101.480988,47.005192
3037396,ND,Oliver,38065,Bison Wind 1B,-101.487488,46.999393
3037935,ND,Oliver,38065,Bison Wind 2,-101.651489,46.993092
3037915,ND,Morton,38059,Bison Wind 2,-101.631989,46.936192
3037908,ND,Morton,38059,Bison Wind 3,-101.443993,46.968693
3037404,ND,Morton,38059,Bison Wind 3,-101.546494,46.943092
3046292,ND,Oliver,38065,Bison Wind 4,-101.597183,47.034492
3046272,ND,Oliver,38065,Bison Wind 4,-101.516449,47.050991
3101519,IN,Jay,18075,Bitter Ridge,-85.125473,40.331753
3101943,IN,Jay,18075,Bitter Ridge,-85.096924,40.339088
3067915,AR,Washington,05143,Bitworks,-94.334,35.976391
3060857,MN,Stearns,27145,Black Oak Getty,-95.030075,45.663727
3049538,MN,Stearns,27145,Black Oak Getty,-94.96357,45.660843
3114104,WV,Grant,54023,Black Rock,-79.154915,39.290344
3120677,WV,Mineral,54057,Black Rock,-79.113831,39.340733
3119196,TX,Bee,48025,Blackjack Creek,-97.529778,28.259199
3119432,TX,Bee,48025,Blackjack Creek,-97.543251,28.221983
3027863,IL,LaSalle,17099,Blackstone (Top Crop),-88.632797,41.138893
3027900,IL,LaSalle,17099,Blackstone (Top Crop),-88.617897,41.109993
3030421,IL,Grundy,17063,Blackstone (Top Crop) II,-88.517494,41.155891
3030399,IL,Grundy,17063,Blackstone (Top Crop) II,-88.560593,41.176292
3040431,OK,Kay,40071,Blackwell,-97.448891,36.862995
3040444,OK,Kay,40071,Blackwell,-97.418594,36.844494
3095244,MN,Lincoln,27081,Blazing Star 1,-96.4422,44.463661
3096509,MN,Lincoln,27081,Blazing Star 1,-96.34034,44.506588
3110824,MN,Lincoln,27081,Blazing Star 2,-96.279922,44.376385
3109530,MN,Lincoln,27081,Blazing Star 2,-96.410667,44.411659
3041851,RI,Washington,44009,Block Island,-71.507561,41.125713
3041855,RI,Washington,44009,Block Island,-71.537651,41.106396
3061110,KS,Ford,20057,Bloom,-99.972115,37.493763
3063325,KS,Ford,20057,Bloom,-100.013672,37.494541
3110998,IL,McLean,17113,Blooming Grove,-88.667686,40.635021
3105815,IL,McLean,17113,Blooming Grove,-88.837044,40.704742
3015790,MN,Faribault,27043,Blue Breezes I & II,-94.156387,43.655834
3015789,MN,Faribault,27043,Blue Breezes I & II,-94.15361,43.655834
3014596,OK,Comanche,40031,Blue Canyon I,-98.554893,34.841892
3014600,OK,Caddo,40015,Blue Canyon I,-98.592491,34.865795
3130693,OK,Kiowa,40075,Blue Canyon II,-98.675766,34.879986
3120784,OK,Kiowa,40075,Blue Canyon II,-98.661789,34.881596
3032573,OK,Comanche,40031,Blue Canyon V,-98.44519,34.808693
3032587,OK,Comanche,40031,Blue Canyon V,-98.498489,34.847095
3036099,OK,Caddo,40015,Blue Canyon VI,-98.582191,34.933094
3036112,OK,Caddo,40015,Blue Canyon VI,-98.555191,34.922195
3088466,TX,Bailey,48017,Blue Cloud I,-102.656151,34.03643
3088384,TX,Bailey,48017,Blue Cloud I,-102.635582,34.044365
3035010,OH,Van Wert,39161,Blue Creek,-84.550095,40.949291
3035045,OH,Van Wert,39161,Blue Creek,-84.595894,40.978291
3030188,WI,Fond du Lac,55039,Blue Sky - Green Field,-88.264191,43.845791
3030150,WI,Fond du Lac,55039,Blue Sky - Green Field,-88.280296,43.924091
3135824,TX,Wilbarger,48487,Blue Summit,-99.349289,34.287495
3135880,TX,Wilbarger,48487,Blue Summit,-99.433189,34.269794
3087875,TX,Hardeman,48197,Blue Summit II,-99.480423,34.247562
3090391,TX,Wilbarger,48487,Blue Summit II,-99.461952,34.267296
3098533,TX,Hardeman,48197,Blue Summit III,-99.554253,34.211159
3096542,TX,Hardeman,48197,Blue Summit III,-99.567947,34.204079
3030969,MO,Gentry,29075,Bluegrass Ridge,-94.50209,40.076591
3030956,MO,Gentry,29075,Bluegrass Ridge,-94.513992,40.083893
3055611,OK,Beaver,40007,Bluestem,-100.570992,36.597023
3055630,OK,Beaver,40007,Bluestem,-100.566284,36.563164
3126082,NE,Franklin,31061,Bluestem Franklin Wind Project (SPPW1),-98.956543,40.309509
3125997,NE,Franklin,31061,Bluestem Franklin Wind Project (SPPW1),-98.960533,40.317402
3130201,NY,Broome,36007,Bluestone Wind,-75.527229,42.100681
3124524,NY,Broome,36007,Bluestone Wind,-75.560333,42.082962
3077019,IN,Randolph,18135,Bluff Point,-84.912354,40.306042
3076447,IN,Jay,18075,Bluff Point,-84.952477,40.350945
3105227,TX,Archer,48009,Bobcat Bluff,-98.583389,33.501293
3105243,TX,Archer,48009,Bobcat Bluff,-98.545494,33.541794
3105674,OK,Woodward,40153,Boiling Springs,-99.359741,36.561401
3108152,OK,Woodward,40153,Boiling Springs,-99.340988,36.536781
3009078,VT,Chittenden,50007,Bolton Valley Resort,-72.834724,44.414455
3048982,ND,Rolette,38079,Border Winds Project,-99.534264,48.96059
3048935,ND,Rolette,38079,Border Winds Project,-99.670631,48.962452
3123098,NM,Catron,35003,Borderlands,-108.889771,34.158138
3123051,NM,Catron,35003,Borderlands,-108.861389,34.095806
3134945,WY,Albany,56001,Boswell Springs,-105.89518,41.92691
3137921,WY,Albany,56001,Boswell Springs,-105.836037,41.895725
3014012,OH,Wood,39173,Bowling Green Municipal,-83.740997,41.376492
3014748,OH,Wood,39173,Bowling Green Municipal,-83.740997,41.37429
3071410,OH,Columbiana,39029,Boyce Dairy Farm,-81.045471,40.868603
3056744,ND,Stark,38089,Brady Wind I,-102.835625,46.6553
3056361,ND,Stark,38089,Brady Wind I,-102.688797,46.636326
3074039,ND,Hettinger,38041,Brady Wind II,-102.681015,46.578644
3074051,ND,Hettinger,38041,Brady Wind II,-102.807518,46.579887
3048245,NM,Curry,35009,"Brahms Wind, LLC",-103.294189,34.747795
3048250,NM,Curry,35009,"Brahms Wind, LLC",-103.268768,34.747833
3069274,TX,Scurry,48415,Brazos Wind Ranch,-101.10984,32.942116
3069286,TX,Borden,48033,Brazos Wind Ranch,-101.326675,32.94392
3129685,TX,Borden,48033,Brazos Wind Repower,-101.31572,32.934498
3129914,TX,Scurry,48415,Brazos Wind Repower,-101.138191,32.947075
3054432,OK,Garfield,40047,Breckinridge,-97.68261,36.452202
3054454,OK,Garfield,40047,Breckinridge,-97.626839,36.431114
3094792,IL,McLean,17113,Bright Stalk,-88.705467,40.706932
3094960,IL,McLean,17113,Bright Stalk,-88.639297,40.633442
3052134,TX,Briscoe,48045,Briscoe,-101.299263,34.368877
3052157,TX,Briscoe,48045,Briscoe,-101.289009,34.386898
3097663,IL,Douglas,17041,Broadlands,-87.949684,39.845352
3097780,IL,Douglas,17041,Broadlands,-88.005814,39.831039
3053733,TX,Deaf Smith,48117,Broadview Energy JN LLC,-102.940033,34.772007
3061007,NM,Curry,35009,Broadview Energy JN LLC,-103.124481,34.804222
3053850,NM,Curry,35009,Broadview Energy KW LLC,-103.101807,34.721298
3053833,NM,Curry,35009,Broadview Energy KW LLC,-103.143135,34.747246
3042280,NE,Custer,31041,Broken Bow I,-99.516388,41.425793
3042285,NE,Custer,31041,Broken Bow I,-99.512894,41.434994
3046398,NE,Custer,31041,Broken Bow II,-99.542282,41.544594
3046366,NE,Custer,31041,Broken Bow II,-99.557259,41.541603
3095473,CO,Kit Carson,08063,Bronco Plains,-102.994087,39.131775
3094435,CO,Kit Carson,08063,Bronco Plains,-103.035591,39.091022
3131856,CO,Kit Carson,08063,Bronco Plains Wind II,-103.04039,39.219238
3131558,CO,Kit Carson,08063,Bronco Plains Wind II,-102.917458,39.211807
3044324,CA,Kern,06029,Brookfield Tehachapi 1 (CCDLP),-118.333092,35.064995
3073254,CA,Kern,06029,Brookfield Tehachapi 1 (CCDLP),-118.326996,35.059429
3044318,CA,Kern,06029,Brookfield Tehachapi 2,-118.242889,35.047695
3044321,CA,Kern,06029,Brookfield Tehachapi 2,-118.250519,35.043446
3049263,MI,Huron,26063,Brookfield Wind Park,-83.252396,43.760391
3045919,MI,Huron,26063,Brookfield Wind Park,-83.248192,43.745792
3035395,IL,Brown,17009,Brown Wind Turbine,-90.699394,39.973492
3082505,TX,Willacy,48489,Bruenning's Breeze,-97.628883,26.539431
3082597,TX,Willacy,48489,Bruenning's Breeze,-97.684219,26.521681
3086728,SD,Brule,46015,Brule Wind,-98.917519,43.706532
3086966,SD,Brule,46015,Brule Wind,-98.929855,43.714825
3052581,KS,Ellis,20051,Buckeye,-99.387932,38.975052
3052680,KS,Ellis,20051,Buckeye,-99.517342,38.997234
3067230,TX,Erath,48143,Buckthorn,-98.392464,32.381008
3066208,TX,Erath,48143,Buckthorn,-98.410301,32.368156
3020644,CA,Contra Costa,06013,Buena Vista,-121.65979,37.795593
3036011,CA,Contra Costa,06013,Buena Vista,-121.647385,37.797295
3029563,OK,Harper,40059,Buffalo Bear,-99.64859,36.764595
3029567,OK,Harper,40059,Buffalo Bear,-99.670593,36.769794
3042341,KS,Grant,20067,Buffalo Dunes,-101.115692,37.644394
3042323,KS,Haskell,20081,Buffalo Dunes,-101.032188,37.644394
3019779,TX,Nolan,48353,Buffalo Gap 2,-100.218292,32.322895
3019897,TX,Nolan,48353,Buffalo Gap 2,-100.223793,32.374393
3024769,TX,Nolan,48353,Buffalo Gap 3,-100.195595,32.304394
3027345,TX,Nolan,48353,Buffalo Gap 3,-100.18409,32.303593
3016383,TX,Taylor,48441,Buffalo Gap Wind Farm,-100.095795,32.304695
3016456,TX,Taylor,48441,Buffalo Gap Wind Farm,-100.093895,32.312893
3042592,TN,Anderson,47001,Buffalo Mountain,-84.356697,36.131992
3042599,TN,Anderson,47001,Buffalo Mountain,-84.347893,36.128895
3049229,TN,Anderson,47001,Buffalo Mountain (Windrock),-84.339096,36.121895
3049230,TN,Anderson,47001,Buffalo Mountain (Windrock),-84.338295,36.119793
3018339,SD,Brookings,46011,Buffalo Ridge,-96.47229,44.412792
3018336,SD,Brookings,46011,Buffalo Ridge,-96.487991,44.418491
3028345,SD,Brookings,46011,Buffalo Ridge II,-96.656387,44.539093
3029702,SD,Brookings,46011,Buffalo Ridge II,-96.62899,44.522392
3024047,TX,Borden,48033,Bull Creek,-101.590492,32.944393
3024100,TX,Borden,48033,Bull Creek,-101.545189,32.922894
3042800,ME,Hancock,23009,Bull Hill,-68.151398,44.716091
3042809,ME,Hancock,23009,Bull Hill,-68.153,44.706593
3034423,IA,Adair,19001,Bulldog,-94.440491,41.225693
3073495,IA,Buchanan,19019,Burco Farm & Feed,-91.887505,42.563808
3014715,IL,Bureau,17011,Bureau Valley School District,-89.678192,41.453392
3036346,ID,Cassia,16031,Burley Butte,-113.921089,42.496593
3036340,ID,Cassia,16031,Burley Butte,-113.924789,42.485695
3039889,CO,Huerfano,08055,Busch Ranch,-104.452988,37.765293
3040884,CO,Huerfano,08055,Busch Ranch,-104.458687,37.774395
3093520,CO,Huerfano,08055,Busch Ranch II,-104.456993,37.751034
3094186,CO,Huerfano,08055,Busch Ranch II,-104.448288,37.759064
3022658,WI,Dodge,55027,Butler Ridge,-88.461594,43.423092
3070449,WI,Dodge,55027,Butler Ridge,-88.487587,43.3895
3072781,OH,Franklin,39049,Byers Auto,-83.082306,40.110752
3117234,IA,Appanoose,19007,CED Centerville Wind Project,-92.854431,40.70261
3116522,IA,Appanoose,19007,CED Centerville Wind Project,-92.85582,40.708679
3124604,IA,Delaware,19055,CED Manchester Wind,-91.537697,42.458302
3119533,IA,Delaware,19055,CED Manchester Wind,-91.532082,42.45858
3083709,IA,Winnebago,19189,CR Holland Crane Service,-93.633781,43.279308
3072154,CA,Riverside,06065,Cabazon,-116.710365,33.915005
3001096,CA,Riverside,06065,Cabazon,-116.73259,33.908596
3129298,CA,Riverside,06065,Cabazon-Shell,-116.735985,33.908009
3132103,CA,Riverside,06065,Cabazon-Shell,-116.735916,33.905884
3082336,TX,Concho,48095,Cactus Flats,-100.052826,31.09173
3082297,TX,Concho,48095,Cactus Flats,-99.968208,31.113173
3113169,OK,Caddo,40015,Caddo,-98.351524,34.97662
3111907,OK,Caddo,40015,Caddo,-98.455162,35.027496
3043219,IL,Vermilion,17183,California Ridge,-87.790092,40.199493
3039286,IL,Vermilion,17183,California Ridge,-87.865196,40.19149
3081898,CA,Los Angeles,06037,California State Prison Los Angeles,-118.221596,34.691982
3061557,TX,Taylor,48441,Callahan Divide,-100.005539,32.301094
3062481,TX,Taylor,48441,Callahan Divide,-100.01989,32.305595
3042806,MA,Plymouth,25023,Camelot Wind Project,-70.644302,41.925491
3051886,TX,Cameron,48061,Cameron,-97.491631,26.143106
3051922,TX,Cameron,48061,Cameron,-97.451202,26.233055
3067928,CA,Kern,06029,Cameron Ridge,-118.314545,35.075974
3014668,CA,Kern,06029,Cameron Ridge,-118.328987,35.075497
3015879,IL,Marshall,17123,Camp Grove,-89.580696,41.067291
3022041,IL,Stark,17175,Camp Grove,-89.640396,41.139393
3036429,ID,Elmore,16039,Camp Reed,-115.049088,42.813293
3036546,ID,Elmore,16039,Camp Reed,-115.064789,42.815094
3019574,TX,Scurry,48415,Camp Springs,-100.833488,32.769993
3019544,TX,Scurry,48415,Camp Springs,-100.80069,32.744293
3045185,TX,Scurry,48415,Camp Springs II,-100.773788,32.712193
3024177,TX,Scurry,48415,Camp Springs II,-100.882294,32.782593
3073971,UT,Utah,49049,Camp Williams,-111.920059,40.439678
3073972,UT,Utah,49049,Camp Williams,-111.919281,40.439602
3053306,SD,Campbell,46021,Campbell,-100.267525,45.771473
3053310,SD,Campbell,46021,Campbell,-100.282494,45.77412
3032793,WY,Converse,56009,Campbell Hill,-105.990189,43.025394
3032453,WY,Converse,56009,Campbell Hill,-106.007088,43.029793
3092291,TX,Oldham,48359,Canadian Breaks,-102.35453,35.201683
3092639,TX,Deaf Smith,48117,Canadian Breaks,-102.299103,35.181007
3044773,OK,Canadian,40017,Canadian Hills,-98.035591,35.644093
3043834,OK,Canadian,40017,Canadian Hills,-98.155991,35.685894
3043007,KS,Elk,20049,Caney River,-96.451889,37.392094
3043483,KS,Elk,20049,Caney River,-96.406593,37.420094
3070809,IA,Bremer,19017,Cannon 1,-92.368904,42.73275
3025795,IA,Bremer,19017,Cannon II,-92.368095,42.735493
3077158,ME,Oxford,23017,Canton Mountain,-70.303337,44.507622
3076792,ME,Oxford,23017,Canton Mountain,-70.301132,44.518677
3133666,TX,Scurry,48415,Canyon Wind,-100.896599,32.586136
3131624,TX,Scurry,48415,Canyon Wind,-100.957993,32.59285
3010392,MA,Barnstable,25001,Cape Cod Regional Transit Authority,-70.144402,41.69009
3084757,TX,Sterling,48431,Capricorn Ridge,-100.859261,31.896137
3085921,TX,Sterling,48431,Capricorn Ridge,-100.928795,31.834995
3084950,TX,Sterling,48431,Capricorn Ridge expansion,-100.93409,31.974295
3085273,TX,Sterling,48431,Capricorn Ridge expansion,-100.926193,31.952995
3138475,NM,Quay,35037,Caprock Wind Repower,-103.399483,34.972095
3138684,NM,Quay,35037,Caprock Wind Repower,-103.363861,34.98156
3095595,IL,Warren,17187,Cardinal Point,-90.699615,40.640003
3093508,IL,McDonough,17109,Cardinal Point,-90.81131,40.625732
3072565,MN,Rice,27131,Carleton College,-93.127914,44.468742
3014005,MN,Rice,27131,Carleton College,-93.113892,44.458992
3054804,CO,Kit Carson,08063,Carousel,-102.210243,39.327435
3054654,CO,Kit Carson,08063,Carousel,-102.170403,39.400574
3103819,IA,Carroll,19027,Carroll,-94.964294,42.134693
3103873,IA,Carroll,19027,Carroll,-94.918694,42.156792
3042173,IA,Carroll,19027,Carroll Area,-94.872414,41.936512
3042172,IA,Carroll,19027,Carroll Area,-94.897018,41.945843
3070435,SD,Miner,46097,Carthage Wind Turbine,-97.740433,44.169022
3086293,NM,Quay,35037,Casa Mesa,-103.962997,34.617668
3087663,NM,Quay,35037,Casa Mesa,-103.992462,34.636848
3007867,OH,Cuyahoga,39035,Case Western University,-81.496895,41.602093
3067910,OH,Cuyahoga,39035,Case Western University,-81.605545,41.50235
3042037,WI,Monroe,55081,Cashton Greens,-90.80439,43.739094
3042038,WI,Monroe,55081,Cashton Greens,-90.804695,43.733692
3029133,WY,Natrona,56025,Casper Wind Farm,-106.21299,42.888695
3033363,WY,Natrona,56025,Casper Wind Farm,-106.230888,42.883595
3111281,NY,Chautauqua,36013,Cassadaga,-79.14225,42.332321
3111650,NY,Chautauqua,36013,Cassadaga,-79.124825,42.320007
3017604,PA,Somerset,42111,Casselman,-79.138199,39.847294
3069793,PA,Somerset,42111,Casselman,-79.144325,39.87011
3026633,ID,Twin Falls,16083,Cassia,-115.03669,42.843292
3028578,ID,Twin Falls,16083,Cassia,-115.017387,42.876095
3126198,TX,Lampasas,48281,Castle Gap Wind,-98.328644,31.370787
3126350,TX,Mills,48333,Castle Gap Wind,-98.336273,31.384113
3031673,IL,Livingston,17105,Cayuga Ridge,-88.485291,40.971291
3026540,IL,Livingston,17105,Cayuga Ridge,-88.460091,40.935593
3049970,KS,Ness,20135,Cedar Bluff,-99.735886,38.675114
3050018,KS,Ness,20135,Cedar Bluff,-99.806099,38.633041
3018729,CO,Weld,08123,Cedar Creek,-104.08889,40.884792
3018792,CO,Weld,08123,Cedar Creek,-104.069489,40.827595
3037082,CO,Weld,08123,Cedar Creek II,-103.815689,40.944592
3037062,CO,Weld,08123,Cedar Creek II,-103.853989,40.887394
3131706,ID,Bingham,16011,Cedar Creek Wind,-112.00811,43.318787
3128980,ID,Bingham,16011,Cedar Creek Wind,-112.025887,43.323105
3030480,ND,Bowman,38011,Cedar Hills,-103.783691,46.240894
3030492,ND,Bowman,38011,Cedar Hills,-103.747887,46.246792
3033469,CO,Lincoln,08073,Cedar Point,-103.711487,39.371094
3033552,CO,Lincoln,08073,Cedar Point,-103.644493,39.483093
3022428,WI,Fond du Lac,55039,Cedar Ridge Wind Farm,-88.327995,43.69429
3022412,WI,Fond du Lac,55039,Cedar Ridge Wind Farm,-88.348694,43.719093
3110238,WY,Converse,56009,Cedar Springs I,-105.438492,42.993698
3106643,WY,Converse,56009,Cedar Springs I,-105.438759,43.007557
3107710,WY,Converse,56009,Cedar Springs II,-105.394501,42.994843
3107602,WY,Converse,56009,Cedar Springs II,-105.400284,43.006275
3099414,WY,Converse,56009,Cedar Springs III,-105.588402,43.053043
3101837,WY,Converse,56009,Cedar Springs III,-105.657227,43.074219
3033428,TX,Webb,48479,Cedro Hill,-98.905396,27.594095
3033433,TX,Webb,48479,Cedro Hill,-98.908691,27.564594
3043806,CA,San Bernardino,06071,Cemex Black Mountain Quarry,-117.112556,34.623199
3044214,CA,San Bernardino,06071,Cemex Black Mountain Quarry,-117.11113,34.621078
3040412,CA,Yolo,06113,Cemex Madison,-121.935188,38.687595
3043843,CA,San Bernardino,06071,Cemex River Plant,-117.30719,34.561996
3043844,CA,San Bernardino,06071,Cemex River Plant,-117.305885,34.560097
3019472,OK,Harper,40059,Centennial Wind Farm,-99.625893,36.642296
3069929,OK,Harper,40059,Centennial Wind Farm,-99.63324,36.648823
3056122,NE,Adams,31001,Central Community College-Hastings,-98.334496,40.569241
3020761,KS,Wichita,20203,Central Plains,-101.161491,38.503094
3020780,KS,Wichita,20203,Central Plains,-101.17569,38.532093
3079994,IA,Hamilton,19079,Century,-93.633293,42.549591
3080455,IA,Wright,19197,Century,-93.624893,42.562492
3015299,IA,Hamilton,19079,Century Expansion,-93.665993,42.503693
3015332,IA,Hamilton,19079,Century Expansion,-93.641693,42.495392
3130115,TX,Callahan,48059,Century Oak Wind,-99.199928,32.420647
3130068,TX,Callahan,48059,Century Oak Wind,-99.19796,32.454689
3102606,IA,Cerro Gordo,19033,Cerro Gordo Repower,-93.450027,43.069504
3102273,IA,Cerro Gordo,19033,Cerro Gordo Repower,-93.448158,43.054821
3074457,IA,Cerro Gordo,19033,Cerro Gordo/Hawkeye Power/Clear Lake,-93.476494,43.078918
3018313,SD,Brule,46015,Chamberlain Wind Project,-99.248688,43.847694
3018314,SD,Brule,46015,Chamberlain Wind Project,-99.246994,43.849392
3012465,MN,Murray,27101,"Champepaden, Chandler Hills Phase II",-95.958694,43.920994
3012463,MN,Murray,27101,"Champepaden, Chandler Hills Phase II",-95.952393,43.919292
3025006,TX,Nolan,48353,Champion,-100.611794,32.383595
3025134,TX,Nolan,48353,Champion,-100.577194,32.390194
3062784,TX,Nueces,48355,Chapman Ranch,-97.477707,27.562765
3062705,TX,Nueces,48355,Chapman Ranch,-97.473854,27.562723
3090848,IA,Floyd,19067,Charles City,-92.737694,43.027493
3090872,IA,Floyd,19067,Charles City,-92.729195,43.036491
3037704,MA,Suffolk,25025,Charlestown Wind Turbine,-71.070999,42.391491
3034472,PA,Blair,42013,Chestnut Flats,-78.478798,40.519993
3034477,PA,Blair,42013,Chestnut Flats,-78.468597,40.51799
3033399,AK,Wade Hampton Census Area,02270,Chevak,-165.607483,61.524601
3071360,AK,Wade Hampton Census Area,02270,Chevak,-165.606064,61.524242
3127571,AZ,Coconino,04005,Chevelon Butte Wind Phase I,-110.762207,34.669056
3127722,AZ,Coconino,04005,Chevelon Butte Wind Phase I,-110.938393,34.733665
3131886,AZ,Coconino,04005,Chevelon Butte Wind Phase II,-110.846779,34.75568
3129247,AZ,Coconino,04005,Chevelon Butte Wind Phase II,-110.763062,34.644608
3097361,CO,Kit Carson,08063,Cheyenne Ridge,-102.21994,39.071793
3097561,CO,Cheyenne,08017,Cheyenne Ridge,-102.211609,39.022327
3131947,IA,Chickasaw,19037,Chickasaw Wind Energy Center,-92.323364,43.143909
3132551,IA,Chickasaw,19037,Chickasaw Wind Energy Center,-92.26049,43.101669
3040735,OK,Garfield,40047,Chisholm View,-97.770393,36.551594
3040721,OK,Garfield,40047,Chisholm View,-97.590294,36.587894
3054246,OK,Garfield,40047,Chisholm View II,-97.708717,36.544952
3054245,OK,Grant,40053,Chisholm View II,-97.688225,36.601486
3057260,OR,Umatilla,41059,Chopin,-118.468964,45.888245
3057256,OR,Umatilla,41059,Chopin,-118.474266,45.894127
3117789,OR,Umatilla,41059,Chopin (Phase II),-118.501122,45.90638
3116866,OR,Umatilla,41059,Chopin (Phase II),-118.497368,45.904591
3053066,KS,Clark,20025,Cimarron Bend I,-99.926529,37.376652
3053076,KS,Clark,20025,Cimarron Bend I,-99.9048,37.366367
3055983,KS,Clark,20025,Cimarron Bend II,-100.011696,37.347374
3061372,KS,Clark,20025,Cimarron Bend II,-99.947823,37.391754
3109633,KS,Clark,20025,Cimarron Bend III,-100.038536,37.426022
3109484,KS,Clark,20025,Cimarron Bend III,-99.989265,37.429501
3038765,KS,Gray,20069,Cimarron I,-100.302788,37.891895
3038779,KS,Gray,20069,Cimarron I,-100.243889,37.892895
3038652,KS,Gray,20069,Cimarron II,-100.367088,37.901196
3038642,KS,Gray,20069,Cimarron II,-100.367393,37.886696
3044276,TX,Lynn,48305,Cirrus 1,-101.69239,33.016594
3044280,TX,Lynn,48305,Cirrus 1,-101.672791,33.010296
3018151,MN,Jackson,27063,Cisco,-95.367378,43.625771
3006092,MN,Jackson,27063,Cisco,-95.356895,43.625893
3070434,SD,Miner,46097,City of Howard Wind Turbines,-97.539421,44.009567
3070436,SD,Miner,46097,City of Howard Wind Turbines,-97.538521,44.009563
3008710,MA,Middlesex,25017,City of Medford,-71.099098,42.408993
3082172,NE,Seward,31159,City of Seward,-97.187675,40.895283
3048242,CA,Monterey,06053,City of Soledad Water Reclamation Facility,-121.340164,36.42094
3031731,IA,Story,19169,Clark Thompson 1,-93.592392,42.208092
3034422,OH,Lucas,39095,Clay High School,-83.413498,41.657192
3113484,MT,Rosebud,30087,Clearwater,-106.416504,46.843861
3113126,MT,Garfield,30033,Clearwater Energy Project 1A,-106.425743,46.893604
3113403,MT,Rosebud,30087,Clearwater Energy Project 1A,-106.433632,46.751469
3132555,MT,Custer,30017,Clearwater Wind East,-106.052399,46.837608
3131774,MT,Custer,30017,Clearwater Wind East,-105.992569,46.828392
3132016,MT,Rosebud,30087,Clearwater Wind II,-106.181519,46.814175
3129819,MT,Rosebud,30087,Clearwater Wind II,-106.170647,46.77533
3129781,MT,Rosebud,30087,Clearwater Wind III,-106.252579,46.840816
3130290,MT,Rosebud,30087,Clearwater Wind III,-106.283028,46.776985
3072784,KS,Cloud,20029,Cloud Community College,-97.664291,39.54837
3067881,KS,Cloud,20029,Cloud Community College,-97.663795,39.548813
3046536,KS,Cloud,20029,Cloud Power,-97.664314,39.54911
3109383,CA,Riverside,06065,Coachella Hills,-116.576729,33.893173
3109824,CA,Riverside,06065,Coachella Hills,-116.563179,33.895363
3028711,WA,Grays Harbor,53027,Coastal Energy,-124.066582,46.793896
3028710,WA,Grays Harbor,53027,Coastal Energy,-124.068687,46.794094
3105266,NA,NA,NA,Coastal Virginia Offshore Wind,-75.491577,36.886841
3105267,NA,NA,NA,Coastal Virginia Offshore Wind,-75.491638,36.896313
3044664,ID,Elmore,16039,Cold Springs,-115.438286,43.061893
3044283,ID,Elmore,16039,Cold Springs,-115.414085,43.043594
3121679,CO,Prowers,08099,Colorado Green Wind Project (Lamar),-102.699287,37.674393
3121627,CO,Prowers,08099,Colorado Green Wind Project (Lamar),-102.645882,37.671032
3043525,CO,Logan,08075,Colorado Highlands,-102.73719,40.720394
3045590,CO,Logan,08075,Colorado Highlands,-102.78009,40.742794
3069134,OR,Umatilla,41059,Combine Hills I,-118.58139,45.928215
3007550,OR,Umatilla,41059,Combine Hills I,-118.631783,45.963493
3029598,OR,Umatilla,41059,Combine Hills II,-118.576782,45.937893
3029611,OR,Umatilla,41059,Combine Hills II,-118.558685,45.949394
3121695,MN,Lincoln,27081,Community Wind North,-96.389091,44.242393
3121693,MN,Lincoln,27081,Community Wind North,-96.41909,44.239094
3138190,MN,Nobles,27105,Community Wind South,-95.804611,43.723087
3138349,MN,Nobles,27105,Community Wind South,-95.800323,43.709141
3030927,MO,Nodaway,29147,Conception Wind Project,-94.657295,40.239193
3030934,MO,Nodaway,29147,Conception Wind Project,-94.693695,40.203793
3044065,OR,Gilliam,41021,"Condon Wind Project, phase I",-120.273384,45.249992
3068696,OR,Gilliam,41021,"Condon Wind Project, phase I",-120.244476,45.231968
3012921,OR,Gilliam,41021,"Condon Wind Project, phase II",-120.272484,45.285095
3012944,OR,Gilliam,41021,"Condon Wind Project, phase II",-120.255486,45.308395
3029667,OH,Ashtabula,39007,Conneaut Middle School,-80.559395,41.926193
3029668,OH,Ashtabula,39007,Conneaut Waste Water Treatment,-80.552094,41.968792
3101883,IA,Taylor,19173,Contrail,-94.804268,40.653652
3100578,IA,Taylor,19173,Contrail,-94.798424,40.664925
3039305,OH,Van Wert,39161,Cooper Farms,-84.566795,40.914993
3039206,OH,Van Wert,39161,Cooper Farms,-84.558998,40.914593
3042287,OH,Van Wert,39161,Cooper Farms Amendment,-84.566795,40.910892
3086020,NY,Lewis,36049,Copenhagen,-75.58078,43.876072
3086154,NY,Lewis,36049,Copenhagen,-75.664268,43.904247
3061820,CA,Kern,06029,Coram (Tehachapi 3),-118.322021,35.057533
3015258,CA,Kern,06029,Coram Energy LLC,-118.344086,35.061497
3014653,CA,Kern,06029,Coram Energy LLC,-118.324791,35.065594
3015827,MN,Faribault,27043,Corn Plus,-94.13929,43.761993
3076930,MN,Faribault,27043,Corn Plus,-94.143753,43.762001
3088261,CA,Monterey,06053,Correctional Training Facility,-121.381569,36.466167
3107796,WY,Laramie,56021,Corriedale Wind Energy Project,-105.037292,41.107056
3108632,WY,Laramie,56021,Corriedale Wind Energy Project,-104.985046,41.119568
3053868,TX,Floyd,48153,Cotton Plains Wind,-101.22628,33.951084
3053884,TX,Floyd,48153,Cotton Plains Wind,-101.205048,34.020813
3082067,NE,Webster,31181,Cottonwood Wind,-98.400711,40.273087
3081982,NE,Webster,31181,Cottonwood Wind,-98.446152,40.279152
3056999,ND,Stutsman,38093,Courtenay,-98.646866,47.195747
3057006,ND,Stutsman,38093,Courtenay,-98.599319,47.235954
3030903,MO,Atchison,29005,Cow Branch Wind Project,-95.479591,40.457691
3030907,MO,Atchison,29005,Cow Branch Wind Project,-95.459595,40.449291
3102955,TX,Scurry,48415,Coyote,-100.877678,32.793896
3106007,TX,Scurry,48415,Coyote,-100.856743,32.813961
3095308,SD,Brookings,46011,Coyote Ridge,-96.575203,44.43222
3093972,SD,Brookings,46011,Coyote Ridge,-96.574402,44.449612
3028204,IA,Howard,19089,Crane Creek,-92.533195,43.419792
3028222,IA,Howard,19089,Crane Creek,-92.448692,43.398693
3092837,TX,Refugio,48391,Cranell,-97.453674,28.191767
3097834,TX,Refugio,48391,Cranell,-97.412361,28.187635
3131583,TX,Wharton,48481,Crawfish Wind Project (Prairie Switch),-96.166016,29.171316
3132190,TX,Wharton,48481,Crawfish Wind Project (Prairie Switch),-96.207062,29.20923
3105272,MI,Hillsdale,26059,Crescent Wind,-84.51384,42.004478
3106149,MI,Hillsdale,26059,Crescent Wind,-84.489357,41.994999
3052925,NE,Platte,31141,Creston Ridge,-97.389709,41.677612
3052926,NE,Platte,31141,Creston Ridge,-97.383492,41.677593
3064945,NE,Platte,31141,Creston Ridge Expansion,-97.409187,41.678719
3064944,NE,Platte,31141,Creston Ridge Expansion,-97.396461,41.676373
3071198,MD,Somerset,24039,Crisfield Waste Water Treatment Plant,-75.858383,37.982826
3135909,MD,Garrett,24023,Criterion,-79.272682,39.421104
3135908,MD,Garrett,24023,Criterion,-79.270226,39.422897
3093796,SD,Clark,46025,Crocker,-97.879578,45.071762
3094306,SD,Clark,46025,Crocker,-97.875114,45.074074
3042713,NE,Knox,31107,Crofton Bluffs,-97.57119,42.687695
3042808,NE,Knox,31107,Crofton Bluffs,-97.574493,42.707794
3017196,IA,Palo Alto,19147,Cross Winds,-94.906593,43.055492
3017199,IA,Palo Alto,19147,Cross Winds,-94.892693,43.06929
3049822,MI,Tuscola,26157,Cross Winds Energy Park,-83.399277,43.61755
3045954,MI,Tuscola,26157,Cross Winds Energy Park,-83.473633,43.578861
3079650,MI,Tuscola,26157,Cross Winds Energy Park II,-83.408249,43.647182
3080827,MI,Tuscola,26157,Cross Winds Energy Park II,-83.455872,43.630455
3094795,MI,Tuscola,26157,Cross Winds Energy Park III,-83.375977,43.632351
3094251,MI,Tuscola,26157,Cross Winds Energy Park III,-83.364693,43.609322
3110342,CO,Kit Carson,08063,Crossing Trails,-102.844139,39.041317
3106836,CO,Cheyenne,08017,Crossing Trails,-102.811867,39.035564
3037298,OK,Dewey,40043,Crossroads,-98.811195,36.068295
3037370,OK,Dewey,40043,Crossroads,-98.810089,36.100094
3061429,SD,Jerauld,46073,Crow Lake,-98.821892,43.943592
3035303,SD,Aurora,46003,Crow Lake,-98.758293,43.887192
3094147,SD,Codington,46029,Crowned Ridge I,-96.909615,45.044113
3093815,SD,Codington,46029,Crowned Ridge I,-97.011719,45.072773
3105346,SD,Deuel,46039,Crowned Ridge II,-96.875549,44.906509
3105594,SD,Deuel,46039,Crowned Ridge II,-96.881851,44.850361
3104051,IA,Hancock,19081,Crystal Lake I,-93.823891,43.235493
3103997,IA,Hancock,19081,Crystal Lake I,-93.804085,43.215286
3103912,IA,Winnebago,19189,Crystal Lake II,-93.828392,43.304394
3103895,IA,Winnebago,19189,Crystal Lake II,-93.811295,43.290592
3031204,IA,Winnebago,19189,Crystal Lake III,-93.915794,43.369892
3031234,IA,Winnebago,19189,Crystal Lake III,-93.886993,43.328892
3045880,IA,Adair,19001,Cumberland Rose,-94.434891,41.227093
3034996,OH,Cuyahoga,39035,Cuyahoga Fairgrounds,-81.839195,41.366493
3071374,MN,Stearns,27145,DH Blattner Headquarters,-94.445671,45.59433
3117808,SD,Grant,46051,Dakota Range I and II,-97.039581,45.200382
3117054,SD,Grant,46051,Dakota Range I and II,-97.048622,45.204247
3116244,SD,Grant,46051,Dakota Range III,-97.118721,45.249931
3109057,SD,Roberts,46109,Dakota Range III,-97.15799,45.302185
3034136,MN,Meeker,27093,Danielson,-94.747894,45.071693
3034137,MN,Meeker,27093,Danielson,-94.74379,45.071693
3121754,SD,Day,46037,Day Wind Project,-97.886589,45.155693
3121746,SD,Day,46037,Day Wind Project,-97.924591,45.26799
3028555,TX,Hutchinson,48233,DeWind Little Pringle #1,-101.541489,35.910892
3037273,TX,Hutchinson,48233,DeWind Little Pringle #1,-101.529091,35.921192
3028551,TX,Hutchinson,48233,DeWind Little Pringle #2,-101.535294,35.934296
3028548,TX,Hutchinson,48233,DeWind Little Pringle #2,-101.539894,35.952995
3061355,MI,Huron,26063,Deerfield,-82.870659,43.979382
3050112,MI,Huron,26063,Deerfield,-82.826836,43.954227
3128937,MI,Huron,26063,Deerfield II Wind project,-82.864471,43.975441
3129489,MI,Huron,26063,Deerfield II Wind project,-82.788292,43.957554
3076152,VT,Bennington,50003,Deerfield Wind,-72.988449,42.874481
3065841,VT,Bennington,50003,Deerfield Wind,-72.967049,42.846889
3002774,AK,Southeast Fairbanks Census Area,02240,Delta Junction,-145.594971,64.014397
3044291,AK,Southeast Fairbanks Census Area,02240,Delta Junction,-145.595963,64.013519
3131994,MS,Tunica,28143,Delta Wind Project,-90.397743,34.53175
3131758,MS,Tunica,28143,Delta Wind Project,-90.408592,34.488823
3037707,MA,Worcester,25027,"Department of Correction, NCCI Gardner",-71.938202,42.581692
3034128,MA,Worcester,25027,"Department of Correction, NCCI Gardner",-71.937798,42.57819
3086769,TX,Pecos,48371,Desert Sky,-102.126511,30.928675
3090989,TX,Pecos,48371,Desert Sky,-102.144989,30.939695
3088524,TX,Pecos,48371,Desert Sky Repower,-102.07634,30.915995
3088500,TX,Pecos,48371,Desert Sky Repower,-102.065346,30.904806
3106575,SD,Deuel,46039,Deuel Harvest North,-96.538879,44.814663
3107968,SD,Deuel,46039,Deuel Harvest North,-96.538574,44.873844
3020551,CA,Alameda,06001,Diablo Winds,-121.619186,37.754494
3020552,CA,Alameda,06001,Diablo Winds,-121.617989,37.753994
3101063,OK,Johnston,40069,Diamond Spring,-96.758644,34.493492
3101746,OK,Johnston,40069,Diamond Spring,-96.75518,34.479546
3106116,IA,Iowa,19095,Diamond Trail,-92.226456,41.721043
3106697,IA,Iowa,19095,Diamond Trail,-92.127228,41.703777
3101800,IA,Iowa,19095,Diamond Trail Expansion,-92.169243,41.664253
3106743,IA,Iowa,19095,Diamond Trail Expansion,-92.209999,41.711807
3086559,KS,Marion,20115,Diamond Vista,-97.172638,38.573818
3086467,KS,Marion,20115,Diamond Vista,-97.22226,38.545525
3022925,MT,Fallon,30025,Diamond Willow Wind,-104.183189,46.273392
3022924,MT,Fallon,30025,Diamond Willow Wind,-104.182686,46.274895
3032527,MT,Fallon,30025,Diamond Willow extension,-104.170486,46.267494
3032529,MT,Fallon,30025,Diamond Willow extension,-104.166992,46.269993
3073646,CA,Kern,06029,Difwind 6,-118.263191,35.055393
3003903,CA,Kern,06029,Difwind 6,-118.261826,35.064899
3025465,CA,Riverside,06065,Dillon,-116.548088,33.941795
3020588,CA,Riverside,06065,Dillon,-116.547386,33.940895
3001353,CA,Merced,06047,Dinosaur Point,-121.192688,37.033295
3010812,CA,Merced,06047,Dinosaur Point,-121.168877,37.041039
3134970,TX,Baylor,48023,Diversion Wind,-99.024307,33.715569
3134730,TX,Baylor,48023,Diversion Wind,-99.034462,33.729851
3072509,OR,Marion,41047,Doerfler Farms,-122.80687,44.867569
3123383,CA,Monterey,06053,Dole Fresh Vegetables,-121.351341,36.455986
3123818,CA,Monterey,06053,Dole Fresh Vegetables,-121.350082,36.459293
3013428,MN,Nobles,27105,Don Sneve Wind Farms,-95.843666,43.747753
3055325,OK,Grady,40051,Drift Sand,-97.934509,34.831924
3055322,OK,Grady,40051,Drift Sand,-97.946396,34.832142
3028880,AZ,Navajo,04017,Dry Lake,-110.298492,34.638195
3028877,AZ,Navajo,04017,Dry Lake,-110.310593,34.638096
3032395,AZ,Navajo,04017,Dry Lake II,-110.21479,34.595295
3032400,AZ,Navajo,04017,Dry Lake II,-110.15609,34.597294
3121839,WY,Carbon,56007,Dunlap,-106.18219,42.006695
3121815,WY,Carbon,56007,Dunlap,-106.192688,42.014194
3055292,OR,Baker,41001,Durbin Creek,-117.314774,44.353836
3055288,OR,Baker,41001,Durbin Creek,-117.330193,44.351841
3120858,NY,Steuben,36101,Dutch Hill/Cohocton,-77.414497,42.552292
3021717,NY,Steuben,36101,Dutch Hill/Cohocton,-77.481995,42.544292
3031905,VT,Chittenden,50007,Dynapower,-73.155098,44.442989
3005174,VT,Chittenden,50007,Dynapower 1,-73.151596,44.44249
3131008,MT,Yellowstone,30111,East Broadview Wind Project,-108.806915,46.102932
3093736,KS,Thomas,20193,East Fork,-100.940788,39.310474
3094232,KS,Thomas,20193,East Fork,-100.940094,39.326694
3106511,TX,Willacy,48489,East Raymond,-97.655678,26.423914
3102616,TX,Cameron,48061,East Raymond,-97.758476,26.315414
3074582,MN,Murray,27101,East Ridge,-95.922173,43.939182
3015788,MN,Murray,27101,East Ridge,-95.912392,43.93819
3071968,CA,Riverside,06065,East Winds,-116.547943,33.891033
3007163,CA,Riverside,06065,East Winds,-116.54789,33.889793
3043337,MI,Huron,26063,Echo,-83.230995,43.926193
3042260,MI,Huron,26063,Echo,-83.146393,43.838093
3026743,OR,Umatilla,41059,Echo 1-7,-119.403183,45.709892
3026740,OR,Umatilla,41059,Echo 1-7,-119.405388,45.714195
3071370,OR,Umatilla,41059,Echo 8-9,-119.41819,45.728645
3033745,OR,Umatilla,41059,Echo 8-9,-119.419487,45.731396
3133280,IA,Guthrie,19077,Eclipse,-94.679276,41.572216
3132728,IA,Guthrie,19077,Eclipse,-94.684135,41.524895
3026613,IL,Stephenson,17177,EcoGrove,-89.914391,42.43869
3021852,IL,Stephenson,17177,EcoGrove,-89.859596,42.456993
3029381,CA,Riverside,06065,Edom Hills (repower),-116.461189,33.880096
3029379,CA,Riverside,06065,Edom Hills (repower),-116.459686,33.883293
3127437,NY,Steuben,36101,Eight Point Wind,-77.689705,42.038216
3129493,NY,Steuben,36101,Eight Point Wind,-77.664764,42.037868
3101868,WY,Carbon,56007,Ekola Flats,-106.324196,41.992916
3100644,WY,Carbon,56007,Ekola Flats,-106.336685,42.009327
3120108,TX,San Patricio,48409,El Algodon Alto Wind Farm,-97.695496,28.003574
3113681,TX,San Patricio,48409,El Algodon Alto Wind Farm,-97.755112,28.02651
3064978,NM,Torrance,35057,El Cabo,-105.610794,34.803959
3075445,NM,Torrance,35057,El Cabo,-105.682793,34.702198
3100930,TX,Knox,48275,El Campo,-99.71624,33.693863
3101822,TX,Knox,48275,El Campo,-99.77047,33.747707
3104500,TX,Howard,48227,Elbow Creek Wind Farm,-101.43119,32.198895
3104487,TX,Howard,48227,Elbow Creek Wind Farm,-101.388992,32.120594
3062809,IA,Hardin,19083,Eldora-New Providence Schools,-93.115601,42.354755
3055076,TX,Wilbarger,48487,Electra Wind,-99.085739,34.135971
3055090,TX,Wilbarger,48487,Electra Wind,-99.008636,34.098423
3133228,IA,Delaware,19055,Elk,-91.386421,42.611221
3132781,IA,Delaware,19055,Elk,-91.36731,42.617352
3032804,OK,Roger Mills,40129,Elk City,-99.93129,35.534992
3032828,OK,Roger Mills,40129,Elk City,-99.894791,35.477394
3091083,OK,Beckham,40009,Elk City II,-99.544289,35.433594
3091049,OK,Roger Mills,40129,Elk City II,-99.675789,35.453293
3017144,KS,Butler,20015,Elk River,-96.535889,37.579594
3017174,KS,Butler,20015,Elk River,-96.550591,37.559692
3021037,NE,Knox,31107,Elkhorn Ridge,-97.669495,42.668095
3021029,NE,Knox,31107,Elkhorn Ridge,-97.648994,42.686592
3029640,OR,Union,41061,Elkhorn Valley (08),-117.789085,45.109394
3033366,OR,Union,41061,Elkhorn Valley (08),-117.790985,45.108994
3022986,OR,Union,41061,Elkhorn Valley (La Grande),-117.822487,45.092094
3022983,OR,Union,41061,Elkhorn Valley (La Grande),-117.829887,45.089695
3022571,MN,Jackson,27063,Elm Creek,-94.953293,43.782291
3022598,MN,Jackson,27063,Elm Creek,-94.887894,43.72879
3034855,MN,Martin,27091,Elm Creek II,-94.831589,43.710392
3034870,MN,Jackson,27063,Elm Creek II,-94.897095,43.696793
3134819,TX,Eastland,48133,Elsinore,-99.084496,32.492428
3036961,AK,Wade Hampton Census Area,02270,Emmonak 1,-164.561981,62.783802
3036959,AK,Wade Hampton Census Area,02270,Emmonak 1,-164.558777,62.783401
3095461,ND,Emmons,38029,Emmons-Logan,-100.047287,46.404053
3092411,ND,Emmons,38029,Emmons-Logan,-100.091263,46.388107
3104092,IA,Osceola,19143,Endeavor,-95.413994,43.409794
3104082,IA,Osceola,19143,Endeavor,-95.429291,43.465393
3104103,IA,Osceola,19143,Endeavor II,-95.47509,43.423492
3104111,IA,Osceola,19143,Endeavor II,-95.440392,43.434994
3089718,IA,Poweshiek,19157,English Farms,-92.427551,41.563034
3090184,IA,Poweshiek,19157,English Farms,-92.406967,41.58123
3003033,CA,Riverside,06065,Enron Earth Smart/Green Power,-116.550789,33.912697
3002719,CA,Riverside,06065,Enron Earth Smart/Green Power,-116.559486,33.915195
3038292,KS,Gray,20069,Ensign,-100.272293,37.600292
3038296,KS,Gray,20069,Ensign,-100.248795,37.604492
3075352,MN,Dakota,27037,Eolos,-93.048073,44.728298
3042507,MA,Essex,25009,Equity Industrial Partners,-70.657204,42.62669
3043463,MA,Essex,25009,Equity Industrial Partners,-70.6558,42.625191
3043038,OH,Ottawa,39123,Erie Industrial Park,-83.035461,41.545433
3119706,TX,Knox,48275,Escalade,-99.688271,33.69899
3119473,TX,Knox,48275,Escalade,-99.672623,33.771259
3003372,IL,Ogle,17141,Eswood School,-89.033195,42.056793
3040791,AK,Denali Borough,02068,Eva Creek,-148.912277,64.061699
3040798,AK,Denali Borough,02068,Eva Creek,-148.85878,64.062798
3014054,WY,Uinta,56041,Evanston (Wyoming Wind Energy Center),-110.818825,41.341293
3014069,WY,Uinta,56041,Evanston (Wyoming Wind Energy Center),-110.796829,41.322582
3005789,WI,Rock,55105,Evansville WWTP,-89.280045,42.777645
3136040,MN,Jackson,27063,Ewington,-95.417145,43.629215
3136038,MN,Jackson,27063,Ewington,-95.380447,43.600327
3015903,WY,Laramie,56021,F.E. Warren Air Force Base,-104.882988,41.175995
3015904,WY,Laramie,56021,F.E. Warren Air Force Base,-104.879089,41.174492
3063030,KS,Ellis,20051,FHSU Wind,-99.405693,38.873894
3049128,MD,Garrett,24023,Fair Wind,-79.396034,39.316921
3049618,MD,Garrett,24023,Fair Wind,-79.374527,39.338421
3108366,MI,Delta,26041,Fairbanks Wind Park,-86.703896,45.681549
3101187,MI,Delta,26041,Fairbanks Wind Park,-86.639374,45.682117
3048366,MT,Teton,30099,Fairfield Wind Farm,-111.950951,47.709682
3048365,MT,Teton,30099,Fairfield Wind Farm,-111.952438,47.712212
3041837,MA,Bristol,25005,Fairhaven Wind,-70.873398,41.639091
3038059,MA,Bristol,25005,Fairhaven Wind,-70.8722,41.637192
3013994,MN,Martin,27091,Fairmont Wind (SMMPA),-94.444336,43.573193
3013993,MN,Martin,27091,Fairmont Wind (SMMPA),-94.441193,43.579292
3027731,MA,Barnstable,25001,Falmouth Notus,-70.608902,41.60849
3029781,MA,Barnstable,25001,Falmouth Wastewater,-70.620796,41.605892
3050190,TX,Randall,48381,Falvez Astra,-102.076065,34.766136
3051854,TX,Randall,48381,Falvez Astra,-102.08226,34.80397
3068842,MN,Jackson,27063,Farmer's,-95.384285,43.651352
3068843,MN,Jackson,27063,Farmer's,-95.380737,43.651375
3025916,MO,Atchison,29005,Farmers City,-95.421188,40.560394
3025940,MO,Atchison,29005,Farmers City,-95.42659,40.534393
3074571,MN,Pipestone,27117,Farmers' coops/Westridge,-96.219521,43.988792
3013395,MN,Pipestone,27117,Farmers' coops/Westridge,-96.21859,43.992992
3062611,MN,Martin,27091,Federated Rural Electric,-94.591995,43.676792
3012450,NY,Madison,36053,Fenner Wind Power Project,-75.739494,42.979492
3012443,NY,Madison,36053,Fenner Wind Power Project,-75.769501,42.99099
3114092,NY,Madison,36053,Fenner Wind Power Project - Repower,-75.767838,42.975552
3017866,MN,Nobles,27105,Fenton,-95.920792,43.830791
3026188,MN,Murray,27101,Fenton,-95.934296,43.873993
3039301,RI,Providence,44007,Field's Point Wastewater Treatment Facility,-71.387299,41.794491
3039302,RI,Providence,44007,Field's Point Wastewater Treatment Facility,-71.390099,41.795391
3045700,AK,Matanuska-Susitna Borough,02170,Fire Island Project,-150.222977,61.130699
3045699,AK,Matanuska-Susitna Borough,02170,Fire Island Project,-150.226273,61.128998
3041775,KS,Harper,20077,Flat Ridge 2,-98.287636,37.336884
3039342,KS,Barber,20007,Flat Ridge 2,-98.365593,37.366394
3037740,KS,Harper,20077,Flat Ridge 2 Expansion,-98.141991,37.364994
3037752,KS,Harper,20077,Flat Ridge 2 Expansion,-98.325294,37.321896
3111792,KS,Kingman,20095,Flat Ridge 3,-98.376114,37.463123
3110348,KS,Kingman,20095,Flat Ridge 3,-98.412758,37.451313
3121848,KS,Barber,20007,Flat Ridge Wind Farm,-98.464592,37.376194
3037445,KS,Barber,20007,Flat Ridge Wind Farm,-98.491196,37.377495
3081927,TX,Mills,48333,Flat Top,-98.538834,31.612478
3075778,TX,Mills,48333,Flat Top,-98.513565,31.563286
3034770,NE,Richardson,31147,Flat Water,-95.935089,40.009094
3034761,NE,Richardson,31147,Flat Water,-95.879593,40.011692
3076965,TX,Scurry,48415,Fluvanna I,-101.141945,32.850368
3066188,TX,Scurry,48415,Fluvanna I,-101.060463,32.877991
3037562,IA,Dickinson,19059,Flying Cloud,-95.29969,43.389793
3037570,IA,Dickinson,19059,Flying Cloud,-95.270988,43.397991
3094738,TX,Foard,48155,Foard City,-99.731232,33.952545
3093141,TX,Foard,48155,Foard City,-99.736366,33.86747
3129999,WY,Carbon,56007,"Foote Creek II, III, IV Repowering",-106.188576,41.65781
3129992,WY,Carbon,56007,"Foote Creek II, III, IV Repowering",-106.180473,41.679878
3022763,MA,Suffolk,25025,Forbes Park,-71.013298,42.39959
3124462,IL,Ford,17053,Ford Ridge,-88.353119,40.577854
3124449,IL,Ford,17053,Ford Ridge,-88.399117,40.54496
3111247,IA,Winnebago,19189,Forest City High School,-93.653725,43.266262
3019721,TX,Sterling,48431,Forest Creek Wind Project,-101.197388,32.056896
3019722,TX,Sterling,48431,Forest Creek Wind Project,-101.241089,32.018894
3042789,KS,Ellis,20051,Fort Hays State University,-99.403389,38.875893
3061833,KS,Ellis,20051,Fort Hays State University,-99.405579,38.87479
3017567,PA,Somerset,42111,Forward,-78.869293,40.097092
3017574,PA,Somerset,42111,Forward,-78.853996,40.112793
3042791,IA,Adair,19001,Forward Fontanelle,-94.570694,41.339592
3046873,WI,Dodge,55027,Forward Wind Project,-88.558495,43.609692
3029869,WI,Dodge,55027,Forward Wind Project,-88.517097,43.555492
3014789,ID,Twin Falls,16083,Fossil Gulch,-114.949585,42.863693
3014790,ID,Twin Falls,16083,Fossil Gulch,-114.949585,42.862293
3049011,MD,Garrett,24023,Fourmile Ridge,-78.986053,39.658722
3049014,MD,Garrett,24023,Fourmile Ridge,-78.997635,39.648972
3041987,IN,Benton,18007,Fowler Ridge I,-87.238091,40.623493
3021812,IN,Benton,18007,Fowler Ridge I,-87.299591,40.593391
3031377,IN,Benton,18007,Fowler Ridge II,-87.484695,40.532593
3042023,IN,Benton,18007,Fowler Ridge II,-87.516296,40.542992
3030693,ME,Knox,23013,Fox Islands,-68.864098,44.094292
3030692,ME,Knox,23013,Fox Islands,-68.866997,44.094791
3097491,ND,Dickey,38021,Foxtail Wind,-98.877037,46.049416
3096153,ND,Dickey,38021,Foxtail Wind,-98.878616,46.064587
3039147,IA,Franklin,19069,Franklin,-93.333092,42.577293
3039151,IA,Franklin,19069,Franklin,-93.352989,42.584492
3109434,IA,Worth,19195,Freeborn Wind Energy,-93.115196,43.494366
3111218,IA,Worth,19195,Freeborn Wind Energy,-93.130981,43.450382
3036075,TX,Hansford,48195,Frisco,-101.591393,36.498493
3036072,TX,Hansford,48195,Frisco,-101.602089,36.498493
3055852,OK,Kay,40071,Frontier I,-97.226212,36.833778
3055850,OK,Kay,40071,Frontier I,-97.243317,36.834919
3100664,OK,Kay,40071,Frontier II,-97.011208,36.830364
3101255,OK,Kay,40071,Frontier II,-97.042175,36.917389
3072769,PR,Ceiba Municipio,72037,Ft Buchanan Energy Savings Performance Contract,-65.610001,18.231634
3072724,PR,Guaynabo Municipio,72061,Ft Buchanan Energy Savings Performance Contract,-66.115952,18.407097
3049568,MA,Plymouth,25023,Future Generation Wind,-70.613007,41.775017
3056201,MA,Plymouth,25023,Future Generation Wind,-70.617706,41.770367
3014004,MN,Mower,27099,G. McNeilus Wind Farm,-92.717377,43.554928
3015735,MN,Mower,27099,G. McNeilus Wind Farm,-92.720695,43.55479
3007723,MN,Winona,27169,GL Wind,-91.866394,43.994991
3002629,MN,Winona,27169,GL Wind,-91.877182,43.994598
3071231,ME,Somerset,23025,GSA,-70.395042,45.803226
3071230,ME,Somerset,23025,GSA,-70.396263,45.80381
3132592,IL,Lee,17103,GSG Repower,-89.216125,41.673008
3131914,IL,LaSalle,17099,GSG Repower,-89.132309,41.618526
3034159,IA,Story,19169,"GWE, LLC",-93.478012,42.000629
3034158,IA,Story,19169,"GWE, LLC",-93.480095,42.002892
3043809,TX,Gaines,48165,Gaines Cavern Wind Project,-103.062454,32.688553
3075887,WI,Dane,55025,Galactic Wind,-89.550377,43.17519
3043030,WI,Dane,55025,Galactic Wind,-89.571693,43.172592
3036022,AK,Nome Census Area,02180,Gambell Wind,-171.710175,63.778503
3036021,AK,Nome Census Area,02180,Gambell Wind,-171.713074,63.779102
3020625,CA,Riverside,06065,Garnet Wind Project,-116.582489,33.906593
3020617,CA,Riverside,06065,Garnet Wind Project,-116.582489,33.902695
3072077,IL,Henry,17073,Geneseo Wind Farm,-90.156578,41.426159
3072076,IL,Henry,17073,Geneseo Wind Farm,-90.152763,41.426113
3029744,VT,Chittenden,50007,Georgia Mountain,-73.06871,44.658684
3029746,VT,Franklin,50011,Georgia Mountain,-73.073158,44.665398
3034965,WI,Columbia,55021,Glacier Hills,-89.050491,43.569592
3034962,WI,Columbia,55021,Glacier Hills,-89.041794,43.559891
3026821,MT,Toole,30101,Glacier I,-112.119591,48.504593
3026797,MT,Toole,30101,Glacier I,-112.154083,48.517494
3117276,IL,Mason,17125,Glacier Sands,-89.678612,40.235012
3114902,IL,Mason,17125,Glacier Sands,-89.672142,40.259121
3026910,MT,Toole,30101,Glacier Wind II,-112.173584,48.531292
3077493,MT,Glacier,30035,Glacier Wind II,-112.194664,48.534721
3096163,IA,Cherokee,19035,Glaciers Edge,-95.73304,42.870548
3093553,IA,Cherokee,19035,Glaciers Edge,-95.856285,42.839752
3117435,OK,Murray,40099,Glass Sands Wind Facility,-96.865639,34.509361
3116883,OK,Murray,40099,Glass Sands Wind Facility,-96.893677,34.515259
3093667,ND,Mercer,38057,Glen Ullin Energy Center (Clean Energy 1),-101.825386,47.002651
3095792,ND,Morton,38059,Glen Ullin Energy Center (Clean Energy 1),-101.809036,46.971176
3104689,WY,Converse,56009,Glenrock,-105.833488,43.071594
3104702,WY,Converse,56009,Glenrock,-105.828789,43.100391
3105002,WY,Converse,56009,Glenrock III,-105.832687,43.027092
3105005,WY,Converse,56009,Glenrock III,-105.803787,42.988392
3024450,TX,Coke,48081,Goat Phase I,-100.807693,31.955694
3024440,TX,Coke,48081,Goat Phase I,-100.815392,31.961796
3024523,TX,Coke,48081,Goat Phase II,-100.78019,31.961695
3024528,TX,Coke,48081,Goat Phase II,-100.767693,31.961096
3061701,IL,Montgomery,17135,GobNob,-89.628593,39.438492
3119386,OR,Sherman,41055,Gold Hills Wind,-120.642944,45.517933
3048243,CA,San Diego,06073,Golden Acorn Casino,-116.351318,32.701496
3055814,CA,Alameda,06001,Golden Hills,-121.614594,37.728054
3054015,CA,Alameda,06001,Golden Hills,-121.640694,37.711155
3120034,OR,Sherman,41055,Golden Hills (Oregon),-120.645134,45.524757
3119492,OR,Sherman,41055,Golden Hills (Oregon),-120.725426,45.512939
3076989,CA,Alameda,06001,Golden Hills North,-121.662148,37.78611
3077397,CA,Alameda,06001,Golden Hills North,-121.615791,37.760563
3098605,IA,Kossuth,19109,Golden Plains,-94.005432,43.404026
3097855,IA,Kossuth,19109,Golden Plains,-93.973274,43.490982
3036408,TX,Oldham,48359,Golden Spread Panhandle Wind Ranch,-102.194489,35.226593
3036392,TX,Potter,48375,Golden Spread Panhandle Wind Ranch,-102.162888,35.244694
3036000,ID,Cassia,16031,Golden Valley,-113.906891,42.436695
3035999,ID,Cassia,16031,Golden Valley,-113.906891,42.432995
3055785,CO,El Paso,08041,Golden West Wind Farm,-104.267052,38.996044
3055275,CO,El Paso,08041,Golden West Wind Farm,-104.234802,39.031193
3047114,TX,Mills,48333,Goldthwaite,-98.492249,31.360514
3047965,TX,Mills,48333,Goldthwaite,-98.515289,31.392296
3018033,IN,Benton,18007,Goodland I,-87.455795,40.68399
3018034,IN,Benton,18007,Goodland I,-87.452698,40.681293
3131867,TX,Armstrong,48011,Goodnight I,-101.357002,35.065704
3131002,TX,Armstrong,48011,Goodnight I,-101.299454,35.084633
3104639,WA,Klickitat,53039,Goodnoe Hills,-120.555389,45.788094
3104634,WA,Klickitat,53039,Goodnoe Hills,-120.513687,45.778595
3050855,OK,Texas,40139,Goodwell,-101.566833,36.510902
3050796,OK,Texas,40139,Goodwell,-101.665672,36.507996
3092403,TX,Borden,48033,Gopher Creek Wind Farm,-101.195351,32.849049
3092734,TX,Borden,48033,Gopher Creek Wind Farm,-101.317345,32.900356
3041140,MT,Meagher,30059,Gordon Butte,-110.332687,46.413792
3041138,MT,Meagher,30059,Gordon Butte,-110.331688,46.417492
3036688,ID,Bonneville,16019,Goshen North,-111.828186,43.455093
3033852,ID,Bonneville,16019,Goshen North,-111.841187,43.507595
3086317,NM,Curry,35009,Grady,-103.264839,34.835453
3086079,NM,Curry,35009,Grady,-103.246567,34.878044
3136859,MN,Mower,27099,Grand Meadow,-92.666794,43.683193
3136875,MN,Mower,27099,Grand Meadow,-92.677994,43.717693
3072593,IL,LaSalle,17099,Grand Ridge,-88.687271,41.275917
3042882,IL,LaSalle,17099,Grand Ridge,-88.679596,41.250793
3042923,IL,LaSalle,17099,Grand Ridge II,-88.675491,41.172394
3042958,IL,LaSalle,17099,Grand Ridge II,-88.688293,41.177391
3042838,IL,LaSalle,17099,Grand Ridge III/IV,-88.750092,41.152393
3042844,IL,LaSalle,17099,Grand Ridge III/IV,-88.737793,41.161694
3052775,NE,Holt,31089,Grande Prairie,-98.432671,42.623863
3052876,NE,Holt,31089,Grande Prairie,-98.444275,42.560684
3047788,TX,Carson,48065,Grandview I,-101.180878,35.256393
3047760,TX,Carson,48065,Grandview I,-101.247398,35.222324
3050530,TX,Gray,48179,Grandview II (Colbeck's Corner),-101.038338,35.335091
3054888,TX,Carson,48065,Grandview II (Colbeck's Corner),-101.096893,35.311401
3030690,NH,Coos,33007,Granite Reliable Power,-71.281601,44.729492
3037672,NH,Coos,33007,Granite Reliable Power,-71.3153,44.77269
3031495,MN,Grant,27051,Grant,-95.911591,45.811592
3031501,MN,Grant,27051,Grant,-95.886688,45.800293
3055522,OK,Grant,40053,Grant Plains,-97.657486,36.994347
3055472,OK,Grant,40053,Grant Plains,-97.703545,36.962734
3052385,OK,Grant,40053,Grant Wind,-97.665543,36.91544
3052389,OK,Grant,40053,Grant Wind,-97.640137,36.916435
3046370,MI,Gratiot,26057,Gratiot,-84.402596,43.417091
3045881,MI,Gratiot,26057,Gratiot,-84.459297,43.446392
3106145,MI,Gratiot,26057,Gratiot Farms,-84.788849,43.230331
3106938,MI,Gratiot,26057,Gratiot Farms,-84.763733,43.185513
3012280,KS,Gray,20069,Gray Wind Farm Montezuma),-100.394691,37.634293
3012368,KS,Gray,20069,Gray Wind Farm Montezuma),-100.372993,37.592293
3008741,OH,Cuyahoga,39035,Great Lakes Science Center,-81.696793,41.506691
3130137,IA,Boone,19015,Great Pathfinder Wind,-93.909393,42.20536
3129441,IA,Boone,19015,Great Pathfinder Wind,-93.903084,42.202522
3123242,TX,Hansford,48195,Great Prairie Wind 1,-101.534607,36.338547
3123598,TX,Hansford,48195,Great Prairie Wind 1,-101.51194,36.368382
3123500,TX,Hansford,48195,Great Prairie Wind 2,-101.548958,36.37661
3123442,TX,Hansford,48195,Great Prairie Wind 2,-101.452225,36.321106
3125194,TX,Hansford,48195,Great Prairie Wind 3,-101.584084,36.459049
3124868,TX,Hansford,48195,Great Prairie Wind 3,-101.567085,36.429169
3068142,MN,Hennepin,27053,Great River Energy Headquarters,-93.435242,45.09507
3057250,OK,Woodward,40153,Great Western,-99.473381,36.18544
3057170,OK,Ellis,40045,Great Western,-99.590324,36.150764
3081994,IA,Cass,19029,Green Energy Machine,-94.75351,41.37022
3008617,VT,Bennington,50003,Green Mountain Power,-72.965202,42.85939
3004359,VT,Bennington,50003,Green Mountain Power,-72.961098,42.863892
3052305,TX,Baylor,48023,Green Pastures I,-99.365814,33.620544
3052277,TX,Baylor,48023,Green Pastures I,-99.409149,33.650494
3051213,TX,Knox,48275,Green Pastures II,-99.508286,33.676773
3051191,TX,Knox,48275,Green Pastures II,-99.496902,33.633793
3119723,RI,Providence,44007,Green Providence Wind I,-71.38443,41.787125
3119100,RI,Providence,44007,Green Providence Wind II,-71.385529,41.786068
3123155,RI,Providence,44007,Green Providence Wind II,-71.384758,41.789486
3095115,IL,Lee,17103,Green River,-89.500534,41.608334
3094897,IL,Lee,17103,Green River,-89.504784,41.613823
3042792,IA,Adair,19001,Greenfield Wind,-94.488579,41.29052
3055835,MT,Teton,30099,Greenfield Wind Farm,-111.911743,47.708488
3057424,MT,Teton,30099,Greenfield Wind Farm,-111.908485,47.723942
3029787,KS,Kiowa,20097,Greensburg,-99.337189,37.549595
3029790,KS,Kiowa,20097,Greensburg,-99.326591,37.549694
3111469,TX,Knox,48275,Griffin Trail Wind,-99.579178,33.607212
3112132,TX,Knox,48275,Griffin Trail Wind,-99.570381,33.646641
3034626,NH,Grafton,33009,Groton,-71.786201,43.76289
3034632,NH,Grafton,33009,Groton,-71.829002,43.774891
3126428,OK,Texas,40139,Gruver Wind,-101.339111,36.541203
3126468,OK,Texas,40139,Gruver Wind,-101.490456,36.538723
3063607,GU,Guam,66010,Guam Power Authority Wind Turbine,144.722656,13.389381
3112960,TX,Kenedy,48261,Gulf Wind,-97.575378,26.916971
3112873,TX,Kenedy,48261,Gulf Wind,-97.585968,26.927122
3112923,TX,Kenedy,48261,Gulf Wind Repower,-97.516121,27.002668
3112945,TX,Kenedy,48261,Gulf Wind Repower,-97.539444,27.00997
3057294,TX,Howard,48227,Gunsight,-101.50621,32.482258
3054076,TX,Howard,48227,Gunsight,-101.377693,32.496384
3044243,OK,Logan,40083,Guthrie WWTP,-97.435349,35.902508
3072669,CA,Kern,06029,H & S - Tehachapi,-118.365364,35.076321
3072707,CA,Kern,06029,H & S - Tehachapi,-118.364845,35.076862
3024850,TX,Shackelford,48417,Hackberry,-99.413689,32.765392
3024879,TX,Shackelford,48417,Hackberry,-99.493492,32.768093
3092281,TX,Hale,48189,Hale Wind,-101.615852,33.974098
3092659,TX,Hale,48189,Hale Wind,-101.611343,33.951874
3072556,NY,Suffolk,36103,Half Hollow Nursery,-72.570854,40.969059
3056279,ME,Hancock,23009,Hancock,-68.11808,44.771362
3056250,ME,Hancock,23009,Hancock,-68.121033,44.764629
3103580,IA,Hancock,19081,Hancock Wind Farm,-93.705894,43.093292
3103455,IA,Hancock,19081,Hancock Wind Farm,-93.729889,43.054893
3028910,WY,Laramie,56021,Happy Jack,-104.997887,41.139793
3028913,WY,Laramie,56021,Happy Jack,-105.00869,41.139091
3006042,NY,Wayne,36117,Harbec Plastics,-77.36174,43.226089
3042499,NY,Wayne,36117,Harbec Plastics,-77.360138,43.226955
3037204,TX,Nueces,48355,Harbor Wind,-97.433792,27.830496
3029120,TX,Nueces,48355,Harbor Wind,-97.435951,27.831993
3017085,IA,Greene,19073,Hardin-Hilltop,-94.356094,42.084393
3017084,IA,Greene,19073,Hardin-Hilltop,-94.359795,42.083492
3034270,NY,Herkimer,36043,Hardscrabble,-74.894501,43.142693
3031444,NY,Herkimer,36043,Hardscrabble,-74.905396,43.091991
3046087,OH,Wyandot,39175,Harpster Wind,-83.228584,40.718292
3037493,MI,Huron,26063,Harvest II,-83.193398,43.783894
3037496,MI,Huron,26063,Harvest II,-83.171692,43.783592
3018130,MI,Huron,26063,Harvest Wind Farm,-83.216492,43.834991
3032016,WA,Klickitat,53039,Harvest Wind Farm,-120.253082,45.793995
3072604,OH,Erie,39043,Hasslebach Meats,-82.572746,41.389515
3035977,CA,Shasta,06089,Hatchett Ridge,-121.799187,40.897095
3035960,CA,Shasta,06089,Hatchett Ridge,-121.762787,40.872696
3042202,OH,Paulding,39125,Haviland Wind Project,-84.587296,41.020893
3042201,OH,Paulding,39125,Haviland Wind Project,-84.589096,41.02219
3020530,HI,Hawaii,15001,Hawi Renewable,-155.850891,20.251497
3020536,HI,Hawaii,15001,Hawi Renewable,-155.847382,20.258198
3133295,IA,Fayette,19065,Hawkeye,-91.992111,42.928493
3132825,IA,Fayette,19065,Hawkeye,-92.04657,42.928516
3026638,OR,Sherman,41055,Hay Canyon,-120.582886,45.488194
3026767,OR,Sherman,41055,Hay Canyon,-120.580887,45.495396
3117977,NE,Wayne,31179,Haystack,-97.239136,42.184593
3117266,NE,Wayne,31179,Haystack,-97.243462,42.240154
3048996,IN,Randolph,18135,Headwaters,-85.024658,40.122444
3046819,IN,Randolph,18135,Headwaters,-85.046509,40.117241
3110046,IN,Randolph,18135,Headwaters II,-85.190414,40.06686
3108828,IN,Randolph,18135,Headwaters II,-85.170685,40.110497
3099490,TX,McCulloch,48307,Heart of Texas,-99.445808,31.226913
3099288,TX,McCulloch,48307,Heart of Texas,-99.44191,31.240932
3043001,IL,McLean,17113,Heartland Community College,-89.018791,40.536694
3089606,IA,Audubon,19009,Heartland Divide,-94.808044,41.741024
3089569,IA,Audubon,19009,Heartland Divide,-94.857613,41.751839
3117979,IA,Audubon,19009,Heartland Divide Wind II,-95.009033,41.765774
3116933,IA,Audubon,19009,Heartland Divide Wind II,-94.97821,41.740562
3131553,MI,Gratiot,26057,Heartland Farms Wind,-84.732941,43.199432
3129541,MI,Gratiot,26057,Heartland Farms Wind,-84.678673,43.250641
3118830,TX,Bee,48025,Helena Wind,-97.963593,28.539791
3119201,TX,Bee,48025,Helena Wind,-97.91124,28.609467
3047481,TX,Deaf Smith,48117,Hereford 1,-102.212463,34.765053
3047404,TX,Deaf Smith,48117,Hereford 1,-102.324577,34.763485
3008917,VT,Chittenden,50007,Heritage Flight,-73.145996,44.463093
3042278,MI,Delta,26041,Heritage Garden,-86.528893,45.799492
3042270,MI,Delta,26041,Heritage Garden,-86.539192,45.821892
3047064,TX,Hidalgo,48215,Hidalgo,-98.442139,26.473587
3053990,TX,Starr,48427,Hidalgo,-98.444649,26.540571
3057547,TX,Hidalgo,48215,Hidalgo II,-98.387871,26.43609
3057561,TX,Hidalgo,48215,Hidalgo II,-98.431213,26.460333
3131621,KS,Republic,20157,High Banks Wind Project,-97.550552,39.776402
3129271,KS,Republic,20157,High Banks Wind Project,-97.4758,39.752625
3097852,TX,Upton,48461,High Lonesome,-101.912735,31.173574
3094440,TX,Crockett,48105,High Lonesome,-101.915993,31.062395
3097832,TX,Upton,48461,High Lonesome Expansion,-101.907959,31.110102
3097047,TX,Upton,48461,High Lonesome Expansion,-101.983086,31.171789
3045244,ID,Twin Falls,16083,High Mesa,-115.03569,42.889095
3040425,ID,Elmore,16039,High Mesa,-115.045685,42.884792
3105019,WY,Albany,56001,High Plains,-105.982491,41.675392
3105043,WY,Albany,56001,High Plains,-105.969589,41.682594
3071135,OK,Woodward,40153,High Plains Tech Center,-99.428192,36.406456
3108534,MO,Adair,29001,High Prairie,-92.523567,40.267456
3108469,MO,Schuyler,29197,High Prairie,-92.522011,40.352928
3042743,NY,Wyoming,36121,High Sheldon,-78.413399,42.759491
3042760,NY,Wyoming,36121,High Sheldon,-78.356697,42.761192
3073733,CA,Solano,06095,High Winds,-121.800598,38.105984
3013698,CA,Solano,06095,High Winds,-121.80529,38.138096
3046244,IA,O'Brien,19141,Highland I,-95.601624,43.109543
3046181,IA,O'Brien,19141,Highland I,-95.63662,43.017262
3046154,IA,O'Brien,19141,Highland II,-95.616188,43.036823
3048903,IA,O'Brien,19141,Highland II,-95.620529,43.112103
3029884,PA,Cambria,42021,Highland North,-78.659599,40.332092
3034339,PA,Cambria,42021,Highland North,-78.651794,40.332394
3031462,PA,Cambria,42021,Highland Wind Project,-78.687996,40.269093
3031455,PA,Cambria,42021,Highland Wind Project,-78.687393,40.289494
3088385,IL,Logan,17107,HillTopper,-89.344315,39.97868
3087409,IL,Logan,17107,HillTopper,-89.284668,39.970135
3074606,MN,Pipestone,27117,Hilltop Power,-96.193085,43.9128
3005977,CA,Kern,06029,Historic Victory Garden (Wind Stream),-118.386986,35.066395
3006723,CA,Kern,06029,Historic Victory Garden (Wind Stream),-118.385689,35.067596
3069642,RI,Newport,44005,Hodges Badge,-71.254944,41.566422
3076426,OH,Hardin,39065,Hog Creek,-83.739944,40.786903
3077959,OH,Hardin,39065,Hog Creek,-83.735542,40.770363
3096314,OH,Paulding,39125,Holcim - Paulding Wind Project,-84.612762,41.19231
3096140,OH,Paulding,39125,Holcim - Paulding Wind Project,-84.612877,41.187454
3095954,MA,Hampden,25013,Holiday Hill Community Wind,-72.871834,42.21027
3097192,MA,Hampden,25013,Holiday Hill Community Wind,-72.870468,42.215057
3026620,MA,Worcester,25027,Holy Name Catholic High School,-71.783897,42.240891
3068382,MN,Anoka,27003,Hometown WindPower Anoka,-93.38369,45.22728
3071236,MN,Sibley,27143,Hometown WindPower Arlington,-94.064896,44.612823
3071377,MN,McLeod,27085,Hometown WindPower Brownton,-94.342155,44.733486
3071203,MN,Wright,27171,Hometown WindPower Buffalo,-93.835236,45.185966
3068143,MN,Carver,27019,Hometown WindPower Chaska,-93.579567,44.821636
3071228,MN,Polk,27119,Hometown WindPower East Grand Forks,-96.987137,47.937672
3069817,MN,Rice,27131,Hometown WindPower Faribault,-93.291763,44.335976
3067331,MN,Ramsey,27123,Hometown WindPower North St. Paul,-92.998383,45.011433
3068144,MN,Scott,27139,Hometown WindPower Shakopee,-93.499779,44.799507
3071376,MN,Sibley,27143,Hometown WindPower Winthrop,-94.359901,44.537868
3046433,OH,Logan,39091,Honda Plant,-83.893204,40.449333
3046434,OH,Logan,39091,Honda Plant,-83.891922,40.446072
3028672,AK,Wade Hampton Census Area,02270,Hooper Bay,-166.095474,61.535702
3028671,AK,Wade Hampton Census Area,02270,Hooper Bay,-166.09758,61.535702
3049968,IL,Vermilion,17183,Hoopeston Wind,-87.734825,40.395664
3050011,IL,Vermilion,17183,Hoopeston Wind,-87.715836,40.382053
3035272,MA,Berkshire,25003,Hoosac,-73.040695,42.73489
3034404,MA,Berkshire,25003,Hoosac,-73.041397,42.740589
3027645,IN,Benton,18007,Hoosier,-87.255295,40.697792
3031930,IN,Benton,18007,Hoosier,-87.199493,40.675091
3022779,WA,Columbia,53013,Hopkins Ridge II,-117.804283,46.432194
3022778,WA,Columbia,53013,Hopkins Ridge II,-117.806885,46.432693
3014863,WA,Columbia,53013,Hopkins Ridge Wind Project,-117.832283,46.432495
3023044,WA,Columbia,53013,Hopkins Ridge Wind Project,-117.841988,46.447094
3130246,OK,Logan,40083,Horizon Hill Wind,-97.637779,36.022762
3129515,OK,Logan,40083,Horizon Hill Wind,-97.557526,36.022961
3041479,ID,Bonneville,16019,Horse Butte,-111.729591,43.386192
3044979,ID,Bonneville,16019,Horse Butte,-111.760391,43.428593
3055044,TX,Haskell,48207,Horse Creek Wind,-99.575974,33.386051
3054953,TX,Knox,48275,Horse Creek Wind,-99.535904,33.409275
3067225,TX,Taylor,48441,Horse Hollow Expansion,-100.025787,32.243023
3066747,TX,Taylor,48441,Horse Hollow Expansion,-100.023621,32.243374
3079973,TX,Nolan,48353,Horse Hollow II,-100.206985,32.276806
3079946,TX,Nolan,48353,Horse Hollow II,-100.164978,32.2756
3066368,TX,Nolan,48353,Horse Hollow III,-100.244003,32.30397
3066753,TX,Nolan,48353,Horse Hollow III,-100.23938,32.305607
3085510,TX,Taylor,48441,Horse Hollow Wind Energy Center,-100.123093,32.244171
3066140,TX,Taylor,48441,Horse Hollow Wind Energy Center,-100.127342,32.259632
3120977,OR,Gilliam,41021,Horseshoe Bend,-120.037689,45.607193
3120905,OR,Gilliam,41021,Horseshoe Bend,-120.027184,45.587795
3014869,MT,Cascade,30013,Horseshoe Bend/ranch pit,-111.43869,47.503994
3014873,MT,Cascade,30013,Horseshoe Bend/ranch pit,-111.437088,47.497292
3017554,NY,Steuben,36101,Howard,-77.511299,42.323994
3017555,NY,Steuben,36101,Howard,-77.5215,42.316692
3118180,TX,Limestone,48293,Hubbard,-96.830292,31.680079
3114606,TX,Limestone,48293,Hubbard,-96.798981,31.742317
3048463,CO,Huerfano,08055,Huerfano River,-104.832191,37.772194
3073319,CO,Huerfano,08055,Huerfano River,-104.831833,37.774323
3014751,MA,Plymouth,25023,Hull Wind Phase II,-70.856598,42.261192
3072606,OH,Erie,39043,Huron Schools,-82.585579,41.40416
3007531,MA,Barnstable,25001,Hyannis Country Garden,-70.310799,41.651291
3009031,MA,Suffolk,25025,IBEW local 103,-71.0541,42.304691
3067931,IA,Kossuth,19109,IDGWP,-94.14077,43.037441
3067930,IA,Kossuth,19109,IDGWP,-94.140846,43.034908
3052991,IA,Ida,19093,Ida Grove,-95.412849,42.402203
3056491,IA,Ida,19093,Ida Grove,-95.352577,42.316555
3094045,IA,Ida,19093,Ida Grove II,-95.349693,42.402103
3094173,IA,Ida,19093,Ida Grove II,-95.473701,42.409252
3069428,IL,Pike,17149,Illinois Rural Electric Cooperative,-90.846191,39.618793
3023767,TX,Nolan,48353,Inadale (Roscoe IV),-100.564095,32.481792
3023775,TX,Nolan,48353,Inadale (Roscoe IV),-100.528389,32.469692
3117921,IA,Delaware,19055,Independence Wind Farm,-91.497688,42.377254
3118150,IA,Delaware,19055,Independence Wind Farm,-91.522644,42.422829
3090597,TX,Pecos,48371,Indian Mesa,-102.216789,30.957596
3090595,TX,Pecos,48371,Indian Mesa,-102.216591,30.961494
3014489,TX,Hansford,48195,Indian Mesa / Aeolus,-101.327888,36.472694
3114758,IN,White,18181,Indiana Crossroads,-86.859123,40.630093
3113754,IN,White,18181,Indiana Crossroads,-86.843987,40.65707
3131882,IN,White,18181,Indiana Crossroads II,-87.020897,40.835117
3131727,IN,White,18181,Indiana Crossroads II,-87.06675,40.835102
3126356,TX,Haskell,48207,Inertia Wind Project,-99.591049,33.189838
3127126,TX,Haskell,48207,Inertia Wind Project,-99.583626,33.204437
3037199,CA,San Bernardino,06071,Inland Empire Utility Agency,-117.52639,34.084896
3077604,IA,Buena Vista,19021,Intrepid,-95.37558,42.582535
3080443,IA,Sac,19161,Intrepid,-95.281548,42.538734
3015325,IA,Buena Vista,19021,Intrepid Expansion,-95.378693,42.567291
3069574,IA,Buena Vista,19021,Intrepid Expansion,-95.372963,42.567261
3014673,IA,Emmet,19063,Iowa Lakes Community College,-94.81562,43.385403
3071040,IA,Kossuth,19109,Iowa Lakes Lakota Wind,-94.131203,43.372959
3027722,IA,Kossuth,19109,Iowa Lakes Lakota Wind,-94.130493,43.380192
3027730,IA,Dickinson,19059,Iowa Lakes Superior Wind,-94.988289,43.442493
3029672,IA,Dickinson,19059,Iowa Lakes Superior Wind,-94.977295,43.447693
3010084,IA,Polk,19153,Iowa State Fair Wind Project,-93.548897,41.595093
3077042,MA,Essex,25009,Ipswich,-70.841103,42.716091
3043105,MA,Essex,25009,Ipswich II,-70.846397,42.717293
3117975,KS,Marshall,20117,Irish Creek Wind,-96.584229,39.71471
3118100,KS,Marshall,20117,Irish Creek Wind,-96.401711,39.59071
3111621,KS,Ford,20057,Iron Star,-99.927429,37.65509
3120028,KS,Ford,20057,Iron Star,-100.080414,37.668373
3039673,KS,Ford,20057,Ironwood I,-99.798988,37.816296
3039692,KS,Ford,20057,Ironwood I,-99.79409,37.808094
3099456,MI,Isabella,26073,Isabella I & II,-84.820816,43.665775
3099039,MI,Isabella,26073,Isabella I & II,-84.882584,43.66589
3089351,IA,Grundy,19075,Ivester,-92.961037,42.332077
3089602,IA,Grundy,19075,Ivester,-92.921425,42.33411
3024592,TX,Moore,48341,JD Wind 10,-101.801193,35.961395
3024623,TX,Moore,48341,JD Wind 10,-101.794891,35.961395
3024234,TX,Moore,48341,JD Wind 11,-101.978889,35.811993
3024241,TX,Moore,48341,JD Wind 11,-101.980492,35.816593
3019350,TX,Hansford,48195,JD Wind 4,-101.378387,36.406994
3019374,TX,Hansford,48195,JD Wind 4,-101.383293,36.372795
3027387,TX,Moore,48341,JD Wind 7,-101.859489,35.995495
3025179,TX,Moore,48341,JD Wind 7,-101.851692,35.995495
3024547,TX,Moore,48341,JD Wind 8,-101.883293,36.029293
3024544,TX,Moore,48341,JD Wind 8,-101.887688,36.025993
3024233,TX,Moore,48341,JD Wind 9,-101.994492,35.808193
3024231,TX,Moore,48341,JD Wind 9,-101.998795,35.808193
3019416,TX,Sherman,48421,JD Wind Phase V,-101.876389,36.445496
3019423,TX,Sherman,48421,JD Wind Phase V,-101.860893,36.445496
3019643,TX,Sherman,48421,JD Wind VI,-101.812492,36.467094
3019645,TX,Sherman,48421,JD Wind VI,-101.808189,36.466995
3014747,MN,Lincoln,27081,JJN Wind Farm,-96.391891,44.280891
3054383,TX,Webb,48479,Javelina,-98.9226,27.341105
3073958,TX,Webb,48479,Javelina,-98.982666,27.345842
3057757,TX,Webb,48479,Javelina II,-98.881561,27.514446
3074075,TX,Webb,48479,Javelina II,-98.887756,27.499067
3117465,KS,Bourbon,20011,Jayhawk,-94.989197,37.687099
3117877,KS,Bourbon,20011,Jayhawk,-95.003563,37.687042
3121871,MN,Cottonwood,27033,Jeffers,-95.243195,44.058891
3121875,MN,Cottonwood,27033,Jeffers,-95.26519,44.043491
3053249,NH,Coos,33007,Jericho Mountain,-71.225662,44.468952
3053251,NH,Coos,33007,Jericho Mountain,-71.223137,44.469822
3053557,NY,Franklin,36033,Jericho Rise,-74.058563,44.863804
3053556,NY,Franklin,36033,Jericho Rise,-74.090637,44.857021
3017509,NJ,Atlantic,34001,Jersey Atlantic Wind Farm,-74.450401,39.382294
3017508,NJ,Atlantic,34001,Jersey Atlantic Wind Farm,-74.448502,39.383892
3057427,OR,Baker,41001,Jett Creek,-117.262253,44.426102
3055280,OR,Baker,41001,Jett Creek,-117.271515,44.425854
3018370,MA,Berkshire,25003,Jiminy Peak Ski Resort,-73.292801,42.543793
3108351,IN,Warren,18171,Jordan Creek,-87.417511,40.358135
3105714,IN,Warren,18171,Jordan Creek,-87.389481,40.366161
3045107,MT,Wheatland,30107,Judith Gap,-109.775391,46.587692
3045088,MT,Wheatland,30107,Judith Gap,-109.759888,46.560493
3098320,TX,Andrews,48003,Jumbo Hill,-102.910172,32.381783
3098447,TX,Andrews,48003,Jumbo Hill,-102.914009,32.329552
3051409,TX,Castro,48069,Jumbo Road,-102.234421,34.690136
3051368,TX,Castro,48069,Jumbo Road,-102.241341,34.704124
3041864,IA,Greene,19073,Junction Hilltop Wind,-94.26519,42.101192
3038313,IA,Greene,19073,Junction Hilltop Wind,-94.262993,42.103794
3036652,WA,Klickitat,53039,Juniper Canyon,-120.214485,45.887592
3036636,WA,Klickitat,53039,Juniper Canyon,-120.231384,45.907795
3036180,OK,Texas,40139,KODE Novus II,-101.449493,36.605392
3036184,OK,Texas,40139,KODE Novus II,-101.432388,36.598793
3015273,HI,Maui,15009,Kaheawa (Maalaea),-156.548782,20.810997
3015275,HI,Maui,15009,Kaheawa (Maalaea),-156.547684,20.808697
3033910,HI,Maui,15009,Kaheawa Wind II,-156.538284,20.796997
3033908,HI,Maui,15009,Kaheawa Wind II,-156.539291,20.798798
3040900,HI,Honolulu,15003,Kahuku,-157.969193,21.682796
3040903,HI,Honolulu,15003,Kahuku,-157.973785,21.687496
3001878,MI,Kalamazoo,26077,Kalamazoo Valley Community College,-85.68367,42.225143
3093189,TX,San Patricio,48409,Karankawa,-97.721123,28.105242
3092695,TX,San Patricio,48409,Karankawa,-97.735947,28.125639
3009043,CA,Riverside,06065,Karen Avenue Windfarm,-116.557785,33.922295
3070121,CA,Riverside,06065,Karen Avenue Windfarm,-116.560623,33.921135
3012482,MN,Pipestone,27117,Kas Farms,-96.115189,44.012592
3012483,MN,Pipestone,27117,Kas Farms,-96.112747,44.012039
3004538,AK,Bethel Census Area,02050,Kasigluk,-162.512878,60.869373
3004587,AK,Bethel Census Area,02050,Kasigluk,-162.514282,60.871151
3045141,HI,Honolulu,15003,Kawailoa Wind,-158.043686,21.623796
3045467,HI,Honolulu,15003,Kawailoa Wind,-158.029282,21.601698
3051826,OK,Kay,40071,Kay Wind,-97.18898,36.993366
3051716,OK,Kay,40071,Kay Wind,-97.248543,36.915932
3055406,TX,Jack,48237,Keechi,-98.179459,33.158165
3048417,TX,Jack,48237,Keechi,-98.15274,33.112705
3035881,OK,Woodward,40153,Keenan II,-99.559692,36.285393
3035865,OK,Woodward,40153,Keenan II,-99.528091,36.267193
3056679,IL,Ford,17053,Kelly Creek,-88.172363,40.946461
3056677,IL,Ford,17053,Kelly Creek,-88.147461,40.942139
3034407,OH,Geauga,39055,Kenston School District,-81.305298,41.39389
3034462,ME,Franklin,23007,Kibby Mountain II,-70.578499,45.357391
3034492,ME,Franklin,23007,Kibby Mountain II,-70.5812,45.343189
3030712,ME,Franklin,23007,"Kibby Mountain, phase I",-70.528801,45.383591
3030701,ME,Franklin,23007,"Kibby Mountain, phase I",-70.534599,45.395592
3083779,NE,Kimball,31105,Kimball Wind Farm,-103.695175,41.276127
3083777,NE,Kimball,31105,Kimball Wind Farm,-103.704414,41.298775
3114782,TX,Haskell,48207,King Creek 1,-99.490555,33.267712
3117985,TX,Throckmorton,48447,King Creek 1,-99.39801,33.220737
3091232,TX,Upton,48461,King Mtn. Wind Ranch,-102.200188,31.275095
3091113,TX,Upton,48461,King Mtn. Wind Ranch,-102.193108,31.268032
3101457,OK,Garfield,40047,King Plains,-97.543335,36.413612
3099452,OK,Garfield,40047,King Plains,-97.499687,36.387943
3042518,VT,Orleans,50019,Kingdom Community Wind,-72.4133,44.760891
3042816,VT,Orleans,50019,Kingdom Community Wind,-72.432503,44.74379
3047684,OK,Kingfisher,40073,Kingfisher Wind,-97.849564,35.752888
3047688,OK,Kingfisher,40073,Kingfisher Wind,-97.812653,35.748306
3036354,AZ,Mohave,04015,Kingman,-114.064888,35.143597
3036352,AZ,Mohave,04015,Kingman,-114.06749,35.146095
3057048,KS,Kingman,20095,Kingman Wind Energy Center,-98.211243,37.543205
3056862,KS,Kingman,20095,Kingman Wind Energy Center,-98.33535,37.553841
3108494,MO,Lawrence,29109,Kings Point,-94.04203,37.257275
3108356,MO,Lawrence,29109,Kings Point,-94.0196,37.273163
3039292,MA,Plymouth,25023,Kingston,-70.715897,41.97879
3035007,IA,Linn,19113,Kirkwood Community College,-91.650894,41.916592
3032154,CO,Kit Carson,08063,Kit Carson Project,-102.298988,39.381393
3032174,CO,Kit Carson,08063,Kit Carson Project,-102.302689,39.358894
3074631,OR,Sherman,41055,Klondike I,-120.551735,45.57048
3074640,OR,Sherman,41055,Klondike I,-120.545242,45.552494
3121924,OR,Sherman,41055,Klondike II,-120.588989,45.595196
3121926,OR,Sherman,41055,Klondike II,-120.573288,45.556293
3018472,OR,Sherman,41055,Klondike III,-120.485184,45.604893
3018428,OR,Sherman,41055,Klondike III,-120.518585,45.617294
3028361,OR,Sherman,41055,Klondike IIIA,-120.463783,45.581993
3023119,OR,Sherman,41055,Klondike IIIA,-120.539284,45.542595
3020669,AK,Kodiak Island Borough,02150,Kodiak Island Wind Project,-152.443176,57.786999
3020668,AK,Kodiak Island Borough,02150,Kodiak Island Wind Project,-152.446075,57.786198
3105497,IA,Kossuth,19109,Kossuth,-94.022163,43.014275
3102877,IA,Kossuth,19109,Kossuth,-94.132324,42.989346
3128524,IA,Kossuth,19109,Kossuth Wind,-94.116463,43.049767
3128657,IA,Kossuth,19109,Kossuth Wind,-94.077744,42.998581
3072533,AK,Northwest Arctic Borough,02188,Kotzebue Wind Project,-162.557373,66.83712
3041265,AK,Northwest Arctic Borough,02188,Kotzebue Wind Project,-162.56337,66.836594
3007653,AK,Northwest Arctic Borough,02188,Kotzebue Wind Project Phase I,-162.563278,66.838501
3007646,AK,Northwest Arctic Borough,02188,Kotzebue Wind Project Phase I,-162.563278,66.839203
3072546,AK,Northwest Arctic Borough,02188,Kotzebue Wind Project Phases II & III,-162.557343,66.835724
3072540,AK,Northwest Arctic Borough,02188,Kotzebue Wind Project Phases II & III,-162.557373,66.83783
3072541,AK,Northwest Arctic Borough,02188,Kotzubue Wind Project,-162.557373,66.836395
3003469,AK,Northwest Arctic Borough,02188,Kotzubue Wind Project,-162.563278,66.837799
3085774,CA,San Diego,06073,Kumeyaay Phase I,-116.346115,32.72879
3016904,CA,San Diego,06073,Kumeyaay Phase I,-116.346786,32.727097
3000932,IL,Coles,17029,LLC 1,-88.387367,39.417534
3008080,IL,Coles,17029,LLC 2,-88.386742,39.417156
3004160,IL,Coles,17029,LLC 2,-88.38662,39.419407
3046420,MA,Essex,25009,LWSC Wind Turbine,-70.956688,42.45269
3107116,TX,Cameron,48061,La Chalupa,-97.52639,26.278126
3108204,TX,Cameron,48061,La Chalupa,-97.567825,26.268581
3106724,NM,Torrance,35057,La Joya,-105.763901,34.599682
3108428,NM,Torrance,35057,La Joya,-105.749916,34.593037
3108063,NM,Torrance,35057,La Joya II,-105.683464,34.586182
3107506,NM,Torrance,35057,La Joya II,-105.699272,34.583035
3067923,MN,Lac qui Parle,27073,Lac qui Parle Valley School,-96.056168,45.073418
3131177,TX,Glasscock,48173,Lacy Creek,-101.28286,31.679705
3123259,TX,Glasscock,48173,Lacy Creek Wind Project (Edmondson Ranch Wind Energy),-101.270233,31.704597
3123796,TX,Sterling,48431,Lacy Creek Wind Project (Edmondson Ranch Wind Energy),-101.264511,31.699163
3070879,MN,Lincoln,27081,Lake Benton I,-96.400116,44.322182
3068163,MN,Lincoln,27081,Lake Benton I,-96.387222,44.344418
3094456,MN,Pipestone,27117,Lake Benton II Repower,-96.151993,44.149933
3095692,MN,Pipestone,27117,Lake Benton II Repower,-96.216438,44.181053
3009909,CA,Los Angeles,06037,Lake Palmdale,-118.118286,34.555897
3041850,ND,Ramsey,38071,Lake Region State College Wind Turbine,-98.888092,48.166393
3034322,MI,Mason,26105,Lake Winds,-86.384239,43.858524
3034293,MI,Mason,26105,Lake Winds,-86.323792,43.893093
3030006,MN,Jackson,27063,Lakefield,-95.126793,43.670391
3030061,MN,Jackson,27063,Lakefield,-95.139992,43.683193
3008580,WI,Manitowoc,55071,Lakeshore Technical College,-87.757095,43.925694
3006675,WI,Manitowoc,55071,Lakeshore Technical College,-87.755493,43.928093
3038321,MN,Clay,27027,Lakeswind,-96.267853,46.713772
3038320,MN,Clay,27027,Lakeswind,-96.253693,46.708591
3013382,MN,Lincoln,27081,Lakeview Ridge,-96.450592,44.520393
3011621,MN,Lincoln,27081,Lakota Ridge,-96.413689,44.373993
3011634,MN,Lincoln,27081,Lakota Ridge,-96.448288,44.385391
3068860,MN,Martin,27091,Lakota Wind,-94.452629,43.571186
3068859,MN,Martin,27091,Lakota Wind,-94.449295,43.571712
3072369,HI,Hawaii,15001,Lalamilo Wells Repowering,-155.765274,19.989264
3072371,HI,Hawaii,15001,Lalamilo Wells Repowering,-155.763199,19.986959
3014121,CO,Baca,08009,Lamar III,-102.650894,37.362293
3014117,CO,Prowers,08099,Lamar Municipal,-102.537888,38.033295
3014119,CO,Prowers,08099,Lamar Municipal,-102.532188,38.032494
3090894,ND,Cavalier,38019,Langdon,-98.34359,48.643494
3090895,ND,Cavalier,38019,Langdon,-98.337288,48.648293
3022226,ND,Cavalier,38019,Langdon - OTP,-98.232094,48.714092
3074624,ND,Cavalier,38019,Langdon - OTP,-98.271194,48.698997
3090970,ND,Cavalier,38019,Langdon II,-98.236191,48.625092
3090956,ND,Cavalier,38019,Langdon II,-98.373291,48.606091
3028561,TX,Irion,48235,Langford,-100.736992,31.135494
3121948,TX,Tom Green,48451,Langford,-100.651794,31.132296
3034225,NE,Boone,31011,Laredo Ridge,-98.019592,41.869793
3034212,NE,Boone,31011,Laredo Ridge,-98.03849,41.869293
3107573,TX,Zapata,48505,Las Lomas,-99.013054,26.734369
3107745,TX,Zapata,48505,Las Lomas,-99.042503,26.708342
3107561,TX,Willacy,48489,Las Majadas,-97.638672,26.412737
3107981,TX,Willacy,48489,Las Majadas,-97.485191,26.342327
3048434,UT,San Juan,49037,Latigo,-109.384842,37.893898
3048443,UT,San Juan,49037,Latigo,-109.391586,37.907108
3071418,IA,Marshall,19127,Laurel,-92.989998,41.908588
3136134,IA,Marshall,19127,Laurel,-92.99099,41.891491
3037507,PA,Lycoming,42081,Laurel Hill,-76.973953,41.549255
3037511,PA,Lycoming,42081,Laurel Hill,-77.029495,41.532291
3136207,WV,Randolph,54083,Laurel Mountain,-79.899597,38.960892
3136168,WV,Barbour,54001,Laurel Mountain,-79.871994,39.037891
3103652,OR,Gilliam,41021,Leaning Juniper,-120.217987,45.664593
3103593,OR,Gilliam,41021,Leaning Juniper,-120.19902,45.649033
3032261,OR,Gilliam,41021,Leaning Juniper II,-120.142189,45.584595
3071277,OR,Gilliam,41021,Leaning Juniper II,-120.174171,45.610775
3128866,IA,Kossuth,19109,Ledyard Windpower,-94.135139,43.449322
3127296,IA,Kossuth,19109,Ledyard Windpower,-94.111603,43.453861
3030324,IL,DeKalb,17037,Lee/DeKalb,-88.859695,41.806591
3031490,IL,DeKalb,17037,Lee/DeKalb,-88.913994,41.814091
3028353,NH,Sullivan,33019,Lempster,-72.138802,43.245689
3028355,NH,Sullivan,33019,Lempster,-72.138397,43.22979
3013797,IA,Taylor,19173,Lenox Municipal Utilities,-94.538094,40.896694
3073503,OR,Baker,41001,Lime Wind,-117.273933,44.395657
3073504,OR,Baker,41001,Lime Wind,-117.274719,44.395401
3127382,TX,Navarro,48349,Limestone Wind,-96.630867,31.843353
3128229,TX,Limestone,48293,Limestone Wind,-96.69558,31.735386
3040185,CO,Lincoln,08073,Limon I,-103.637589,39.403194
3040217,CO,Lincoln,08073,Limon I,-103.64959,39.372993
3040352,CO,Lincoln,08073,Limon II,-103.562492,39.296696
3040344,CO,Lincoln,08073,Limon II,-103.545288,39.303894
3051008,CO,Lincoln,08073,Limon III,-103.406319,39.319725
3051019,CO,Lincoln,08073,Limon III,-103.326759,39.348705
3068841,MN,Lincoln,27081,Lincoln,-96.450485,44.524673
3031941,OH,Cuyahoga,39035,Lincoln Electric,-81.525696,41.58469
3114828,IL,Morgan,17137,Lincoln Land,-89.987823,39.759586
3114010,IL,Morgan,17137,Lincoln Land,-90.123993,39.699532
3071434,NE,Lancaster,31109,Lincoln Wind Energy Facility,-96.623299,40.904003
3071435,NE,Lancaster,31109,Lincoln Wind Energy Facility,-96.62635,40.903519
3053324,ND,Williams,38105,Lindahl,-102.934784,48.540207
3053351,ND,Williams,38105,Lindahl,-102.956772,48.507214
3028574,WA,Klickitat,53039,Linden,-120.785988,45.743893
3036957,WA,Klickitat,53039,Linden,-120.793983,45.747494
3114862,NE,Webster,31181,Little Blue Wind,-98.57003,40.266705
3116920,NE,Webster,31181,Little Blue Wind,-98.683456,40.228279
3035264,IA,Mitchell,19131,Little Cedar,-92.760696,43.384392
3052195,OK,Washita,40149,Little Elk,-98.938927,35.187817
3052209,OK,Washita,40149,Little Elk,-98.906525,35.186481
3089218,TX,Schleicher,48413,Live Oak,-100.617958,31.052628
3089631,TX,Schleicher,48413,Live Oak,-100.552925,31.070658
3068372,NM,Curry,35009,Llano Estacado Wind Ranch at Texico,-103.056976,34.360142
3013667,NM,Curry,35009,Llano Estacado Wind Ranch at Texico II,-103.054794,34.360195
3069145,NM,Curry,35009,Llano Estacado Wind Ranch at Texico II,-103.056953,34.35471
3013664,TX,Carson,48065,Llano Estacado Wind Ranch at White Deer,-101.196991,35.453896
3013619,TX,Carson,48065,Llano Estacado Wind Ranch at White Deer,-101.226891,35.465096
3092034,TX,Wilbarger,48487,Lockett,-99.190956,34.121967
3091981,TX,Wilbarger,48487,Lockett,-99.213593,34.107899
3021706,PA,Schuylkill,42107,Locust Ridge,-76.290794,40.816994
3028198,PA,Schuylkill,42107,Locust Ridge,-76.283096,40.819393
3070317,PA,Schuylkill,42107,Locust Ridge II,-76.152412,40.843422
3021637,PA,Schuylkill,42107,Locust Ridge II,-76.178497,40.841293
3030894,MO,Atchison,29005,Loess Hills Wind Project,-95.539993,40.414394
3030896,MO,Atchison,29005,Loess Hills Wind Project,-95.533691,40.414192
3054570,TX,Comanche,48093,Logan's Gap Wind,-98.707321,31.863695
3054612,TX,Comanche,48093,Logan's Gap Wind,-98.6689,31.764025
3016737,TX,Shackelford,48417,Lone Star I,-99.515091,32.614594
3016793,TX,Shackelford,48417,Lone Star I,-99.539589,32.587395
3025149,TX,Shackelford,48417,Lone Star II,-99.544693,32.543594
3027365,TX,Shackelford,48417,Lone Star II,-99.530891,32.558193
3107211,IL,Bureau,17011,Lone Tree,-89.590714,41.207809
3106587,IL,Bureau,17011,Lone Tree,-89.576424,41.217464
3047361,TX,Floyd,48153,Longhorn,-101.253632,34.277332
3047278,TX,Briscoe,48045,Longhorn,-101.227875,34.343185
3017585,PA,Somerset,42111,Lookout,-78.937798,39.857693
3017581,PA,Somerset,42111,Lookout,-78.931198,39.866291
3029155,TX,Mitchell,48335,Loraine,-100.76799,32.471695
3029178,TX,Mitchell,48335,Loraine,-100.777596,32.444096
3029223,TX,Mitchell,48335,Loraine II,-100.670593,32.420994
3029210,TX,Mitchell,48335,Loraine II,-100.685394,32.429893
3088174,TX,Crosby,48107,Lorenzo Winds,-101.503143,33.728928
3087890,TX,Crosby,48107,Lorenzo Winds,-101.43795,33.767437
3039964,TX,Willacy,48489,Los Vientos I,-97.61805,26.334963
3041541,TX,Willacy,48489,Los Vientos I,-97.557793,26.349297
3041646,TX,Willacy,48489,Los Vientos II,-97.629089,26.355995
3041590,TX,Willacy,48489,Los Vientos II,-97.742493,26.334496
3048841,TX,Starr,48427,Los Vientos III,-98.625763,26.425495
3048818,TX,Starr,48427,Los Vientos III,-98.564011,26.501495
3051512,TX,Starr,48427,Los Vientos IV,-98.72068,26.541113
3051478,TX,Starr,48427,Los Vientos IV,-98.681213,26.593176
3052045,TX,Starr,48427,Los Vientos V,-98.578354,26.405575
3052081,TX,Starr,48427,Los Vientos V,-98.576103,26.367506
3031304,MO,DeKalb,29063,Lost Creek Ridge Wind Farm,-94.468292,39.970795
3031249,MO,DeKalb,29063,Lost Creek Ridge Wind Farm,-94.504089,40.026894
3034935,IA,Dickinson,19059,Lost Lakes Wind Farm,-95.275093,43.335491
3030746,IA,Dickinson,19059,Lost Lakes Wind Farm,-95.259293,43.364891
3036918,WA,Garfield,53023,Lower Snake River Phase I,-117.81469,46.540394
3036898,WA,Garfield,53023,Lower Snake River Phase I,-117.797989,46.496292
3032454,TX,Lubbock,48303,Lubbock Wind Ranch,-101.765289,33.569294
3032456,TX,Lubbock,48303,Lubbock Wind Ranch,-101.758888,33.569294
3046046,IA,Webster,19187,Lundgren,-94.234589,42.306614
3046038,IA,Webster,19187,Lundgren,-94.162079,42.322144
3037589,IA,Winneshiek,19191,Luther College,-91.817696,43.309093
3030639,ND,Steele,38091,Luverne,-97.904289,47.359093
3030622,ND,Steele,38091,Luverne,-97.892792,47.331192
3072608,IL,Champaign,17019,MUTI,-88.29142,40.1502
3038416,IL,Kankakee,17091,MUTI Wind Turbine,-87.851395,41.09539
3081309,MA,Suffolk,25025,MWRA Deer Island,-70.956444,42.345852
3015902,MA,Suffolk,25025,MWRA Deer Island,-70.957298,42.347092
3036089,NM,Luna,35029,Macho Springs Wind Farm I,-107.503487,32.529194
3036088,NM,Luna,35029,Macho Springs Wind Farm I,-107.505592,32.532696
3064753,MI,Emmet,26047,Mackinaw City (Bay Windpower I),-84.74157,45.761799
3071132,MI,Emmet,26047,Mackinaw City (Bay Windpower I),-84.738312,45.761806
3046684,IA,Madison,19121,Macksburg,-94.103523,41.209324
3046559,IA,Madison,19121,Macksburg,-94.148926,41.220592
3021749,NY,Madison,36053,Madison Windpower,-75.447395,42.89259
3021747,NY,Madison,36053,Madison Windpower,-75.450096,42.896191
3041186,TX,Willacy,48489,Magic Valley,-97.610092,26.454096
3041163,TX,Willacy,48489,Magic Valley,-97.699295,26.457796
3122054,TX,Carson,48065,Majestic,-101.546989,35.366894
3122048,TX,Carson,48065,Majestic,-101.50769,35.390594
3041402,TX,Carson,48065,Majestic II,-101.618393,35.406796
3043855,TX,Carson,48065,Majestic II,-101.61039,35.409492
3047898,OK,Dewey,40043,Mammoth Plains,-98.649284,35.974415
3050380,OK,Dewey,40043,Mammoth Plains,-98.696915,35.965923
3088214,CA,Monterey,06053,Mann Packing,-121.453575,36.503963
3036764,CA,Kern,06029,Manzana Winds,-118.458786,34.908997
3036835,CA,Kern,06029,Manzana Winds,-118.47599,34.944595
3015521,NY,Lewis,36049,Maple Ridge,-75.550301,43.741291
3015500,NY,Lewis,36049,Maple Ridge,-75.549095,43.758392
3017650,NY,Lewis,36049,Maple Ridge (Lowville),-75.601799,43.801689
3015483,NY,Lewis,36049,Maple Ridge (Lowville),-75.602196,43.78669
3124594,NY,Lewis,36049,Maple Ridge I,-75.627747,43.791592
3035532,NY,Clinton,36019,Marble River,-73.941597,44.88839
3035503,NY,Clinton,36019,Marble River,-73.942696,44.903992
3122118,WA,Columbia,53013,Marengo I,-117.784782,46.374596
3122122,WA,Columbia,53013,Marengo I,-117.744987,46.432095
3122081,WA,Columbia,53013,Marengo II,-117.861084,46.366295
3122094,WA,Columbia,53013,Marengo II,-117.826385,46.357594
3072605,OH,Erie,39043,Margaretta Elementary School,-82.787132,41.396343
3051988,TX,Parmer,48369,Mariah North Wind,-102.714561,34.719578
3051959,TX,Parmer,48369,Mariah North Wind,-102.765289,34.688679
3030756,MA,Essex,25009,Mark Richey Woodworking,-70.880699,42.802891
3082327,ME,Aroostook,23003,Mars Hill,-67.816086,46.532803
3132020,ME,Aroostook,23003,Mars Hill,-67.807014,46.559502
3049273,NY,Steuben,36101,Marsh Hill,-77.499229,42.177963
3049272,NY,Steuben,36101,Marsh Hill,-77.497574,42.175323
3022375,MN,Lyon,27083,Marshall,-95.811089,44.325394
3030677,MN,Lyon,27083,Marshall,-95.822189,44.330292
3052614,KS,Marshall,20117,Marshall Wind Energy,-96.360794,39.858829
3052585,KS,Marshall,20117,Marshall Wind Energy,-96.35334,39.892506
3072510,MT,Wheatland,30107,Martinsdale Colony South,-110.271797,46.495686
3072526,MT,Wheatland,30107,Martinsdale Colony South,-110.271797,46.495277
3072525,MT,Wheatland,30107,Martinsdale Wind Farm,-110.271812,46.499531
3072519,MT,Wheatland,30107,Martinsdale Wind Farm,-110.27182,46.500401
3112564,TX,Nolan,48353,Maryneal,-100.508125,32.192631
3111491,TX,Nolan,48353,Maryneal,-100.497192,32.192001
3098179,IA,Cerro Gordo,19033,Mason City Wind,-93.097328,43.138748
3097849,IA,Cerro Gordo,19033,Mason City Wind,-93.100418,43.144581
3052497,IA,Delaware,19055,Mason Wind LLC Dyersville,-91.224823,42.488827
3073747,IA,Delaware,19055,Mason Wind LLC Dyersville,-91.224876,42.493935
3049705,IA,Fayette,19065,Mason Wind LLC Fairbank,-92.020775,42.649765
3049703,IA,Fayette,19065,Mason Wind LLC Fairbank,-92.020935,42.643631
3052502,IA,Cerro Gordo,19033,Mason Wind LLC Mason City,-93.109657,43.138462
3049550,IA,Cerro Gordo,19033,Mason Wind LLC Mason City,-93.109177,43.135239
3053425,IA,Dallas,19049,Mason Wind LLC Perry,-94.080589,41.815044
3053424,IA,Dallas,19049,Mason Wind LLC Perry,-94.080627,41.81881
3029642,MA,Barnstable,25001,Massachusetts Maritime Academy,-70.623802,41.74139
3034187,MA,Barnstable,25001,Massachusetts National Cemetery,-70.584602,41.673092
3107872,TX,Concho,48095,Maverick Creek,-99.915039,31.317663
3100696,TX,Concho,48095,Maverick Creek,-99.899002,31.248722
3113252,OK,Major,40093,Maverick Wind,-98.154732,36.25716
3113490,OK,Major,40093,Maverick Wind,-98.209541,36.301075
3024937,TX,Dickens,48125,McAdoo,-100.968689,33.748993
3024911,TX,Dickens,48125,McAdoo,-101.01059,33.809994
3072859,CA,Marin,06041,McEvoy Ranch,-122.679672,38.15757
3105097,WY,Albany,56001,McFadden Ridge,-106.043892,41.659794
3105089,WY,Albany,56001,McFadden Ridge,-106.028389,41.657494
3037588,MI,Huron,26063,McKinley Wind Park,-83.246452,43.863712
3037586,MI,Huron,26063,McKinley Wind Park,-83.266434,43.866299
3013411,MN,Dodge,27039,McNeilus,-92.857796,43.978493
3076028,MN,Dodge,27039,McNeilus,-92.854744,43.972057
3044632,ID,Bonneville,16019,Meadow Creek,-111.802185,43.565895
3045167,ID,Bonneville,16019,Meadow Creek,-111.81369,43.572796
3031529,IN,White,18181,Meadow Lake,-86.893593,40.688892
3031639,IN,White,18181,Meadow Lake,-86.928894,40.655193
3030767,IN,White,18181,Meadow Lake II,-87.038895,40.655792
3034454,IN,White,18181,Meadow Lake II,-86.976791,40.641991
3031640,IN,White,18181,Meadow Lake III,-86.999893,40.599792
3031636,IN,White,18181,Meadow Lake III,-87.082893,40.599491
3029929,IN,White,18181,Meadow Lake IV,-86.981392,40.668392
3029914,IN,White,18181,Meadow Lake IV,-87.037094,40.669292
3078399,IN,White,18181,Meadow Lake V,-87.05748,40.730473
3078413,IN,White,18181,Meadow Lake V,-87.007286,40.742298
3089366,IN,Benton,18007,Meadow Lake VI,-87.189644,40.68578
3087734,IN,Benton,18007,Meadow Lake VI,-87.130798,40.656384
3043258,IA,Adair,19001,Meadow Ridge,-94.446289,41.390095
3086016,WY,Carbon,56007,Medicine Bow,-106.241226,41.831905
3086014,WY,Carbon,56007,Medicine Bow,-106.246689,41.839893
3035209,PA,Wyoming,42131,Mehoopany,-76.026794,41.48719
3035258,PA,Wyoming,42131,Mehoopany,-76.051598,41.498192
3089131,IL,Lee,17103,Mendota Hills Repowering,-89.064766,41.701027
3089360,IL,Lee,17103,Mendota Hills Repowering,-89.0522,41.719746
3021077,KS,Cloud,20029,Meridian Way,-97.51799,39.415894
3021066,KS,Cloud,20029,Meridian Way,-97.556595,39.413193
3021096,KS,Cloud,20029,Meridian Way II,-97.72039,39.410793
3021095,KS,Cloud,20029,Meridian Way II,-97.724396,39.411892
3114429,MI,Midland,26111,Meridian Wind Park,-84.443275,43.485939
3117217,MI,Saginaw,26145,Meridian Wind Park,-84.301346,43.473183
3095627,ND,McIntosh,38051,Merricourt,-99.046829,46.11264
3095797,ND,McIntosh,38051,Merricourt,-99.069321,46.097572
3130300,CA,Riverside,06065,Mesa Wind Repowering,-116.659119,33.959003
3131601,CA,Riverside,06065,Mesa Wind Repowering,-116.659981,33.951321
3025151,NM,Quay,35037,Mesalands,-103.738991,35.169693
3047220,TX,Dawson,48115,Mesquite Creek,-101.821571,32.705135
3047210,TX,Dawson,48115,Mesquite Creek,-101.767181,32.662083
3115104,TX,Callahan,48059,Mesquite Sky,-99.552467,32.470757
3114740,TX,Callahan,48059,Mesquite Sky,-99.518311,32.461365
3099013,TX,Fisher,48151,Mesquite Star,-100.56842,32.586567
3099168,TX,Fisher,48151,Mesquite Star,-100.545822,32.526283
3095325,TX,Starr,48427,Mesteno,-98.747261,26.536945
3095785,TX,Starr,48427,Mesteno,-98.70517,26.522215
3053439,IL,Cook,17031,Method Manufacturing Plant,-87.601456,41.698063
3011792,MN,Sherburne,27141,"Metro Wind, LLC",-93.560692,45.378792
3013809,PA,Somerset,42111,Meyersdale,-79.005501,39.786591
3013803,PA,Somerset,42111,Meyersdale,-78.9981,39.79689
3051125,TX,Roberts,48393,Miami,-100.549889,35.714905
3050989,TX,Roberts,48393,Miami,-100.612953,35.634792
3027923,MI,Huron,26063,Michigan Wind I,-82.911293,43.713593
3027940,MI,Huron,26063,Michigan Wind I,-82.946999,43.721191
3038484,MI,Sanilac,26151,Michigan Wind II,-82.727898,43.652691
3038507,MI,Sanilac,26151,Michigan Wind II,-82.684799,43.604191
3127383,IL,Henry,17073,Midland Wind,-90.006561,41.254189
3127392,IL,Henry,17073,Midland Wind,-89.956345,41.315681
3089798,TX,San Patricio,48409,Midway,-97.302208,27.971079
3089470,TX,San Patricio,48409,Midway,-97.312424,27.952785
3029075,UT,Beaver,49001,Milford Phase I,-112.964989,38.554092
3029102,UT,Beaver,49001,Milford Phase I,-112.920189,38.567394
3041082,UT,Millard,49027,Milford Phase II,-112.973389,38.592094
3033946,UT,Millard,49027,Milford Phase II,-112.904991,38.575493
3012457,PA,Fayette,42051,Mill Run Windpower LLC,-79.391197,39.920994
3105439,PA,Fayette,42051,Mill Run Windpower LLC,-79.386467,39.92812
3093794,NE,Saline,31151,Milligan 1,-97.08989,40.525791
3094903,NE,Saline,31151,Milligan 1,-97.135529,40.527653
3036357,ID,Cassia,16031,Milner Dam,-114.017288,42.460396
3036358,ID,Cassia,16031,Milner Dam,-114.017288,42.464695
3051701,NM,Roosevelt,35041,Milo,-103.307289,33.896309
3051696,NM,Roosevelt,35041,Milo,-103.334137,33.904076
3013398,MN,Rock,27133,MinWind I & II,-96.31369,43.551594
3013400,MN,Rock,27133,MinWind I & II,-96.306793,43.556793
3121010,OK,Grady,40051,Minco II,-97.986389,35.321396
3121031,OK,Caddo,40015,Minco II,-98.10569,35.299793
3121105,OK,Caddo,40015,Minco III,-98.174393,35.374596
3121086,OK,Caddo,40015,Minco III,-98.172791,35.350895
3087543,OK,Canadian,40017,Minco IV,-98.265289,35.403725
3139361,OK,Caddo,40015,Minco IV,-98.27607,35.372704
3122249,OK,Grady,40051,Minco Wind,-98.026093,35.277195
3122237,OK,Grady,40051,Minco Wind,-98.029694,35.302395
3043024,MI,Sanilac,26151,Minden Wind Park,-82.803795,43.628292
3043021,MI,Sanilac,26151,Minden Wind Park,-82.762794,43.622993
3017918,SD,Brookings,46011,Minn-Dakota,-96.459892,44.319893
3017922,SD,Brookings,46011,Minn-Dakota,-96.474487,44.337193
3015833,MN,Murray,27101,Minnesota Wind Share,-95.982391,43.957191
3022376,MN,Murray,27101,Minnesota Wind Share,-95.982391,43.962593
3013381,ND,Nelson,38063,Minnkota Power Cooperative,-97.930992,48.008793
3042981,IL,Woodford,17203,Minonk,-88.991096,40.881092
3042987,IL,Woodford,17203,Minonk,-88.986397,40.891792
3013423,MN,Nobles,27105,Missouri River Energy Services (MRES),-95.675392,43.622692
3013421,MN,Nobles,27105,Missouri River Energy Services (MRES),-95.682388,43.622692
3011247,CA,Kern,06029,"Mojave 16, 17 & 18 (Desertwind III PPC Trust)",-118.29039,35.044697
3003443,CA,Kern,06029,"Mojave 16, 17 & 18 (Desertwind III PPC Trust)",-118.264191,35.043297
3095635,OR,Gilliam,41021,Montague,-120.103584,45.588955
3093036,OR,Gilliam,41021,Montague,-120.145752,45.538685
3040955,CA,Solano,06095,Montezuma,-121.792686,38.167095
3040957,CA,Solano,06095,Montezuma,-121.797287,38.165497
3040398,CA,Solano,06095,Montezuma Winds II,-121.799583,38.115295
3040552,CA,Solano,06095,Montezuma Winds II,-121.85009,38.103794
3068621,WI,Iowa,55049,Montfort Wind Farm,-90.379868,42.962708
3068619,WI,Iowa,55049,Montfort Wind Farm,-90.384491,42.962902
3132096,TX,Foard,48155,Montgomery Ranch Wind Farm,-99.630447,33.859489
3132389,TX,Foard,48155,Montgomery Ranch Wind Farm,-99.68058,33.833069
3068029,MN,Clay,27027,Moorhead,-96.727356,46.895161
3011545,MN,Clay,27027,Moorhead,-96.734795,46.895092
3027738,MN,Murray,27101,Moraine II,-96.01329,44.074692
3022517,MN,Murray,27101,Moraine II,-96.018188,44.057491
3131878,IL,Mason,17125,Moraine Sands Wind,-89.835556,40.172646
3131931,IL,Mason,17125,Moraine Sands Wind,-89.804863,40.201164
3013958,MN,Pipestone,27117,Moraine Wind Power project,-96.069595,44.055893
3013959,MN,Murray,27101,Moraine Wind Power project,-96.060791,44.054893
3132790,IA,Adair,19001,Morning Light,-94.577728,41.407909
3137267,IA,Adair,19001,Morning Light,-94.555519,41.425201
3012460,MN,Murray,27101,"Moulton, Chandler Hills Wind Farm Phase II",-95.949295,43.902691
3012461,MN,Murray,27101,"Moulton, Chandler Hills Wind Farm Phase II",-95.950592,43.899693
3007921,MA,Norfolk,25021,Mount St. Mary's Abbey,-71.3937,42.042492
3034554,MA,Worcester,25027,Mount Wachusett Wind Farm,-71.9842,42.588593
3034503,MA,Worcester,25027,Mount Wachusett Wind Farm,-71.983597,42.590691
3097223,CO,Weld,08123,Mountain Breeze,-104.059624,40.997238
3100943,CO,Weld,08123,Mountain Breeze,-103.998192,40.949108
3023305,ID,Elmore,16039,Mountain Home,-115.480385,43.058193
3022999,ID,Elmore,16039,Mountain Home,-115.465691,43.027294
3069854,MN,Cottonwood,27033,Mountain Lake Wind,-94.943382,43.940548
3071197,TX,Ellis,48139,Mountain Peak Special Utility District,-97.024254,32.421448
3004457,NH,Coos,33007,Mountain View Grand,-71.590302,44.398792
3036745,CA,Riverside,06065,Mountain View IV,-116.574692,33.885494
3036730,CA,Riverside,06065,Mountain View IV,-116.563286,33.880394
3070174,CA,Riverside,06065,Mountain View Power Partners I & II,-116.584938,33.893116
3074288,CA,Riverside,06065,Mountain View Power Partners I & II,-116.600571,33.902328
3063091,CA,Riverside,06065,Mountain View Power Partners III,-116.595787,33.907696
3063058,CA,Riverside,06065,Mountain View Power Partners III,-116.591591,33.914097
3120054,CA,Riverside,06065,Mountain View Power Partners Repower,-116.623497,33.91518
3119561,CA,Riverside,06065,Mountain View Power Partners Repower,-116.621796,33.909027
3023353,WY,Uinta,56041,Mountain Wind I,-110.508888,41.277493
3023358,WY,Uinta,56041,Mountain Wind I,-110.504189,41.285995
3023033,WY,Uinta,56041,Mountain Wind II,-110.54039,41.247894
3023012,WY,Uinta,56041,Mountain Wind II,-110.536491,41.273693
3013313,WV,Tucker,54093,Mountaineer Wind Energy Center (Thomas),-79.541397,39.180191
3076677,WV,Tucker,54093,Mountaineer Wind Energy Center (Thomas),-79.53907,39.181118
3119493,MN,Mower,27099,Mower Wind Energy Center,-92.586021,43.637016
3122260,MN,Mower,27099,Mower Wind Energy Center,-92.641296,43.592693
3044831,TX,Kent,48263,Mozart,-100.542496,33.013596
3044830,TX,Kent,48263,Mozart,-100.557358,33.010223
3021713,NY,Madison,36053,Munnsville,-75.574699,42.902493
3015658,NY,Madison,36053,Munnsville,-75.562599,42.952991
3044218,MT,Wheatland,30107,Musselshell I,-109.470184,46.288895
3044219,MT,Wheatland,30107,Musselshell I,-109.471786,46.286991
3044225,MT,Wheatland,30107,Musselshell II,-109.494888,46.266193
3044226,MT,Wheatland,30107,Musselshell II,-109.501289,46.265892
3048625,CA,Kern,06029,Mustang Hills,-118.241287,35.027897
3039773,CA,Kern,06029,Mustang Hills,-118.241188,35.030296
3074626,OH,Richland,39139,NEXGEN,-82.643219,40.763767
3035665,TX,Howard,48227,NORESCO,-101.507591,32.227596
3061601,CO,Jefferson,08059,NREL - NWTC,-105.227036,39.905067
3002673,CO,Jefferson,08059,NREL - NWTC,-105.222687,39.908993
3098961,HI,Honolulu,15003,Na Pua Makani,-157.968704,21.66507
3098972,HI,Honolulu,15003,Na Pua Makani,-157.950043,21.669218
3118724,MA,Nantucket,25019,Nantucket High School,-70.097801,41.272137
3006732,MA,Worcester,25027,Nature's Classroom Wind Turbine,-72.003899,42.110889
3021755,WV,Grant,54023,"NedPower Mount Storm, Phase I",-79.210693,39.209793
3021727,WV,Grant,54023,"NedPower Mount Storm, Phase I",-79.219299,39.19849
3021773,WV,Grant,54023,"NedPower Mount Storm, Phase II",-79.194595,39.24649
3028319,WV,Grant,54023,"NedPower Mount Storm, Phase II",-79.183594,39.243492
3095684,KS,Neosho,20133,Neosho Ridge,-95.381981,37.444923
3095520,KS,Neosho,20133,Neosho Ridge,-95.336555,37.452423
3061249,IA,Emmet,19063,Neppel Wind Power Project,-94.579018,43.401993
3039865,CA,Riverside,06065,Nestle Waters,-116.748489,33.916393
3040063,CA,Riverside,06065,Nestle Waters,-116.751289,33.917595
3088326,CA,Riverside,06065,Nestle Waters II,-116.753098,33.911694
3060997,WV,Grant,54023,New Creek Wind,-79.127991,39.229588
3061220,WV,Grant,54023,New Creek Wind,-79.136002,39.214611
3001502,RI,Kent,44003,New England Tech,-71.4515,41.732792
3076841,RI,Kent,44003,New England Tech,-71.4664,41.724392
3087227,ND,McHenry,38049,New Frontier,-100.925003,47.856594
3088484,ND,McHenry,38049,New Frontier,-100.868965,47.871086
3034829,IA,Crawford,19047,New Harvest,-95.466995,42.164394
3034813,IA,Crawford,19047,New Harvest,-95.456696,42.140594
3072067,IA,Henry,19087,New London,-91.395172,40.954773
3088017,NM,Quay,35037,New Mexico Wind Energy Center,-104.037758,34.671886
3087126,NM,De Baca,35011,New Mexico Wind Energy Center,-104.06488,34.583218
3074033,NY,Erie,36029,New York State Thruway Authority,-78.957428,42.658024
3073751,NY,Chautauqua,36013,New York State Thruway Authority,-79.5868,42.339123
3012998,WA,Benton,53005,Nine Canyon,-119.108948,46.081257
3068724,WA,Benton,53005,Nine Canyon,-119.078987,46.091892
3014128,WA,Benton,53005,Nine Canyon II,-119.147285,46.105793
3014126,WA,Benton,53005,Nine Canyon II,-119.143684,46.104996
3018923,WA,Benton,53005,Nine Canyon III,-119.129135,46.118526
3023293,WA,Benton,53005,Nine Canyon III,-119.075989,46.091293
3056204,KS,Pratt,20151,Ninnescah,-98.615761,37.57954
3062963,KS,Pratt,20151,Ninnescah,-98.632278,37.579388
3117244,CO,Logan,08075,Niyol Wind,-103.034294,40.552757
3118013,CO,Logan,08075,Niyol Wind,-103.039963,40.549576
3035455,MA,Plymouth,25023,No Fossil Fuel - Kingston,-70.730202,41.970592
3037703,MA,Plymouth,25023,No Fossil Fuel - Kingston,-70.725098,41.971592
3017448,NY,Clinton,36019,Noble Altona,-73.639397,44.823692
3017464,NY,Clinton,36019,Noble Altona,-73.6455,44.809391
3026073,NY,Wyoming,36121,Noble Bliss,-78.291595,42.54129
3017703,NY,Wyoming,36121,Noble Bliss,-78.243095,42.571392
3021517,NY,Franklin,36033,Noble Chateaugay,-74.045197,44.918491
3021771,NY,Franklin,36033,Noble Chateaugay,-74.0662,44.899792
3017414,NY,Clinton,36019,Noble Clinton,-74.0103,44.91729
3017437,NY,Clinton,36019,Noble Clinton,-73.985497,44.89909
3017354,NY,Clinton,36019,Noble Ellenburg,-73.972099,44.881992
3017362,NY,Clinton,36019,Noble Ellenburg,-73.977997,44.86869
3027082,TX,Hansford,48195,Noble Great Plains,-101.365288,36.499092
3027060,TX,Hansford,48195,Noble Great Plains,-101.350792,36.452793
3021595,NY,Wyoming,36121,Noble Wethersfield,-78.230293,42.644791
3021592,NY,Wyoming,36121,Noble Wethersfield,-78.245094,42.659893
3136332,MN,Nobles,27105,Nobles,-95.788391,43.656391
3136263,MN,Nobles,27105,Nobles,-95.719589,43.676491
3097025,MN,Nobles,27105,Nobles 2 Power Partners,-95.883484,43.773071
3097157,MN,Nobles,27105,Nobles 2 Power Partners,-95.876381,43.841278
3022529,MN,Jackson,27063,Nobles Cooperative Electric,-95.437294,43.718594
3032512,AK,Nome Census Area,02180,Nome,-165.427475,64.571701
3032502,AK,Nome Census Area,02180,Nome,-165.43338,64.563202
3045493,AK,Nome Census Area,02180,Nome Newton Peak,-165.426453,64.570297
3045494,AK,Nome Census Area,02180,Nome Newton Peak,-165.431274,64.566704
3031515,MN,Lincoln,27081,Norgaard (7 Projects),-96.42569,44.284992
3031514,MN,Lincoln,27081,Norgaard (7 Projects),-96.32579,44.314693
3069606,PA,Cambria,42021,North Allegheny,-78.595345,40.36718
3017623,PA,Cambria,42021,North Allegheny,-78.562195,40.417492
3140567,PA,Blair,42013,North Allegheny Repower,-78.5541,40.421692
3131628,SD,Hughes,46065,North Bend Wind,-99.666862,44.419247
3131771,SD,Hughes,46065,North Bend Wind,-99.708069,44.422832
3013931,ND,LaMoure,38045,North Dakota Wind I,-98.881088,46.293091
3013950,ND,LaMoure,38045,North Dakota Wind I,-98.889992,46.354294
3014002,ND,LaMoure,38045,North Dakota Wind II,-98.88369,46.308792
3013936,ND,LaMoure,38045,North Dakota Wind II,-98.896889,46.321693
3088628,IA,Poweshiek,19157,North English,-92.598236,41.698555
3088040,IA,Poweshiek,19157,North English,-92.586258,41.669273
3096462,IA,Poweshiek,19157,North English II,-92.376602,41.626118
3094039,IA,Poweshiek,19157,North English II,-92.494843,41.628452
3105559,MO,Barton,29011,North Fork Ridge,-94.43972,37.405956
3107948,MO,Barton,29011,North Fork Ridge,-94.450089,37.37405
3121503,OR,Gilliam,41021,North Hurlburt,-120.083984,45.748894
3121524,OR,Gilliam,41021,North Hurlburt,-120.064789,45.730194
3041966,RI,Washington,44009,North Kingstown Green,-71.4869,41.581593
3074425,IN,Newton,18111,North Newton School Corporation,-87.42627,41.032585
3011758,MN,Lincoln,27081,North Shaokatan Wind Farm,-96.431992,44.42609
3011760,MN,Lincoln,27081,North Shaokatan Wind Farm,-96.428894,44.426193
3043755,CA,Kern,06029,North Sky River,-118.179489,35.294296
3045641,CA,Kern,06029,North Sky River,-118.15699,35.369495
3122321,CO,Logan,08075,Northeast Colorado Wind,-102.926292,40.987194
3122288,CO,Logan,08075,Northeast Colorado Wind,-102.917587,40.998592
3105970,ND,Burke,38013,Northern Divide (Burke),-102.920799,48.812695
3106159,ND,Burke,38013,Northern Divide (Burke),-102.906464,48.838123
3128887,MN,Murray,27101,Northern Wind Repower,-96.037796,43.99884
3128902,MN,Murray,27101,Northern Wind Repower,-96.055588,44.013512
3083727,OH,Paulding,39125,Northwest Ohio,-84.599739,41.042412
3083633,OH,Paulding,39125,Northwest Ohio,-84.635429,41.043755
3037693,IN,Howard,18067,Northwestern School Corporation,-86.204498,40.523193
3027122,TX,Winkler,48495,Notrees,-102.814995,32.037994
3027134,TX,Winkler,48495,Notrees,-102.814789,32.029297
3129150,NY,Lewis,36049,Number Three Wind Farm,-75.641014,43.854366
3130117,NY,Lewis,36049,Number Three Wind Farm,-75.532547,43.821468
3063477,IA,O'Brien,19141,O'Brien,-95.591454,43.235374
3056401,IA,O'Brien,19141,O'Brien,-95.580185,43.230347
3110329,OK,Woodward,40153,OK Wind Energy Center (mooreland),-99.282562,36.554203
3099774,OK,Harper,40059,OK Wind Energy Center (mooreland),-99.313225,36.602322
3028379,OK,Woodward,40153,OU Spirit,-99.459389,36.335594
3028376,OK,Woodward,40153,OU Spirit,-99.470192,36.335396
3073305,CA,Kern,06029,Oak Creek Energy Systems,-118.354416,35.035809
3073309,CA,Kern,06029,Oak Creek Energy Systems,-118.353775,35.03339
3009811,CA,Kern,06029,Oak Creek Wind Power Phase 2,-118.353485,35.038296
3003561,CA,Kern,06029,Oak Creek Wind Power Phase 2,-118.371391,35.039597
3034538,MN,Steele,27147,Oak Glen Wind Project,-93.119995,43.924191
3034545,MN,Steele,27147,Oak Glen Wind Project,-93.110794,43.91069
3049267,SD,Clark,46025,Oak Tree,-97.766708,44.961964
3049307,SD,Clark,46025,Oak Tree,-97.741501,44.933453
3052919,ME,Aroostook,23003,Oakfield Wind,-68.146561,46.050102
3052918,ME,Aroostook,23003,Oakfield Wind,-68.090073,46.062431
3114973,CA,Kern,06029,Oasis Repowering,-118.293945,35.069565
3110856,CA,Kern,06029,Oasis Repowering,-118.288094,35.065277
3027022,TX,Howard,48227,Ocotillo,-101.409088,32.140995
3027030,TX,Howard,48227,Ocotillo,-101.402489,32.161396
3044766,CA,Imperial,06025,Ocotillo Wind I,-116.009087,32.758797
3039793,CA,Imperial,06025,Ocotillo Wind I,-116.039185,32.731895
3056154,MN,Cottonwood,27033,Odell,-94.888046,43.898376
3049701,MN,Cottonwood,27033,Odell,-94.903114,43.86372
3009067,MN,Watonwan,27165,Odin,-94.857452,43.875595
3083790,MN,Cottonwood,27033,Odin,-94.867485,43.854549
3053895,TX,Floyd,48153,Old Settler Wind,-101.13768,34.016277
3053941,TX,Floyd,48153,Old Settler Wind,-101.175575,34.039581
3122354,ND,Oliver,38065,Oliver Wind Energy Center,-101.219688,47.182392
3122366,ND,Oliver,38065,Oliver Wind Energy Center,-101.207993,47.149391
3122381,ND,Oliver,38065,Oliver II,-101.252892,47.166794
3122400,ND,Oliver,38065,Oliver II,-101.25959,47.165192
3056949,ND,Morton,38059,Oliver III,-101.148407,46.979599
3056893,ND,Morton,38059,Oliver III,-101.211723,46.974079
3138814,ND,Oliver,38065,Oliver IV,-101.485695,47.10656
3139034,ND,Oliver,38065,Oliver IV,-101.538414,47.179806
3072576,MN,Pipestone,27117,Olsen Farms,-96.337822,43.895824
3072575,MN,Pipestone,27117,Olsen Farms,-96.340096,43.894535
3046415,NY,Wyoming,36121,Orangeville Wind,-78.283699,42.777893
3046511,NY,Wyoming,36121,Orangeville Wind,-78.236595,42.751991
3099432,OR,Morrow,41049,Orchard Wind,-119.467987,45.691944
3099464,OR,Morrow,41049,Orchard Wind,-119.562103,45.64843
3036364,ID,Twin Falls,16083,Oregon Trail,-114.990288,42.844593
3036362,ID,Twin Falls,16083,Oregon Trail,-114.990288,42.833595
3098934,IA,Adair,19001,Orient 2019,-94.315224,41.181332
3097543,IA,Adair,19001,Orient 2019,-94.290413,41.188805
3088785,IA,Adair,19001,Orient I,-94.535683,41.19297
3090003,IA,Adair,19001,Orient I,-94.430878,41.159054
3047199,OK,Murray,40099,Origin,-97.239929,34.423275
3047136,OK,Murray,40099,Origin,-97.32663,34.485985
3030840,IA,Mitchell,19131,Osage Utilities,-92.840591,43.292492
3051088,OK,Osage,40113,Osage Wind,-96.633003,36.720024
3051076,OK,Osage,40113,Osage Wind,-96.646843,36.697605
3053606,MO,DeKalb,29063,Osborn,-94.470406,39.887486
3061244,MO,DeKalb,29063,Osborn,-94.370644,39.756878
3097347,NM,Chaves,35005,Oso Grande,-103.769318,33.046406
3097722,NM,Lea,35025,Oso Grande,-103.709,32.96365
3071218,IL,McHenry,17111,Other World Computing,-88.417328,42.28112
3075341,MA,Berkshire,25003,Otis Wind Energy Project,-73.025764,42.225765
3099503,IL,LaSalle,17099,Otter Creek,-88.723717,41.128113
3099194,IL,LaSalle,17099,Otter Creek,-88.713295,41.125309
3111294,MO,Atchison,29005,Outlaw,-95.273689,40.556519
3112040,MO,Atchison,29005,Outlaw,-95.285248,40.531548
3027356,TX,Lubbock,48303,PYCO Soaring Wind Farm,-101.797089,33.549793
3019946,TX,Lubbock,48303,PYCO Soaring Wind Farm,-101.794891,33.553993
3029439,OR,Sherman,41055,PaTu Wind Farm,-120.617287,45.608295
3029440,OR,Sherman,41055,PaTu Wind Farm,-120.617287,45.606396
3041377,CA,Kern,06029,Pacific Wind,-118.457489,34.892796
3040818,CA,Kern,06029,Pacific Wind,-118.41169,34.879093
3101399,CA,Riverside,06065,Painted Hills Repower,-116.630493,33.939869
3101470,CA,Riverside,06065,Painted Hills Repower,-116.630516,33.941528
3070117,HI,Hawaii,15001,Pakini Nui (KA'ALUALU),-155.688736,18.976933
3070113,HI,Hawaii,15001,Pakini Nui (KA'ALUALU),-155.689865,18.970905
3040409,CA,Riverside,06065,Palm Springs (repower),-116.574387,33.912296
3040368,CA,Riverside,06065,Palm Springs (repower),-116.573288,33.922295
3094730,TX,Cameron,48061,Palmas Altas,-97.471161,26.317076
3093261,TX,Cameron,48061,Palmas Altas,-97.494659,26.283812
3088453,MN,Chippewa,27023,Palmer's Creek,-95.537529,44.856907
3089078,MN,Chippewa,27023,Palmer's Creek,-95.543556,44.844631
3095528,IA,Palo Alto,19147,Palo Alto,-94.673233,43.185543
3097083,IA,Palo Alto,19147,Palo Alto,-94.548088,43.206684
3108276,IA,Palo Alto,19147,Palo Alto II,-94.473221,43.129139
3106974,IA,Palo Alto,19147,Palo Alto II,-94.516037,43.139038
3050242,TX,Ochiltree,48357,Palo Duro,-101.071533,36.364353
3061875,TX,Ochiltree,48357,Palo Duro,-101.077492,36.334034
3045405,WA,Whitman,53075,Palouse,-117.317787,47.143795
3045463,WA,Whitman,53075,Palouse,-117.296684,47.137695
3043596,TX,Carson,48065,Panhandle Wind 1,-101.169678,35.398731
3007111,TX,Carson,48065,Panhandle Wind 1,-101.301788,35.420994
3048115,TX,Carson,48065,Panhandle Wind 2,-101.366867,35.455715
3048089,TX,Carson,48065,Panhandle Wind 2,-101.44001,35.430603
3119515,CO,Weld,08123,Panorama Wind,-103.945808,40.94894
3118164,CO,Weld,08123,Panorama Wind,-103.947693,40.968422
3033192,TX,Carson,48065,Pantex Renewable Energy Project,-101.528893,35.322693
3033190,TX,Carson,48065,Pantex Renewable Energy Project,-101.535988,35.322693
3104580,TX,Howard,48227,Panther Creek I,-101.45359,32.122597
3104536,TX,Glasscock,48173,Panther Creek I,-101.428688,32.024994
3104912,TX,Glasscock,48173,Panther Creek II,-101.351288,31.950994
3104932,TX,Glasscock,48173,Panther Creek II,-101.29879,31.939795
3121328,TX,Sterling,48431,Panther Creek III,-101.097893,32.025394
3121261,TX,Sterling,48431,Panther Creek III,-101.082794,32.004597
3032749,TX,San Patricio,48409,Papalote Creek,-97.466393,27.961195
3032756,TX,San Patricio,48409,Papalote Creek,-97.422295,27.967094
3033950,TX,San Patricio,48409,Papalote Creek II,-97.275391,28.007795
3036331,TX,San Patricio,48409,Papalote Creek II,-97.357491,28.034395
3049226,ME,Penobscot,23019,Passadumkeag,-68.360565,45.129524
3049236,ME,Penobscot,23019,Passadumkeag,-68.315971,45.141567
3049240,ME,Waldo,23027,Patriot,-69.334999,44.49638
3049239,ME,Waldo,23027,Patriot,-69.338287,44.491611
3091821,TX,Nueces,48355,Patriot Wind,-97.616074,27.615202
3090050,TX,Nueces,48355,Patriot Wind,-97.657837,27.609697
3008857,CA,Alameda,06001,Patterson Pass,-121.621185,37.700161
3009456,CA,Alameda,06001,Patterson Pass,-121.621559,37.69783
3002044,CA,Alameda,06001,Patterson Wind,-121.613937,37.702499
3007541,CA,Alameda,06001,Patterson Wind,-121.615707,37.696938
3041848,PA,Cambria,42021,Patton Wind Farm,-78.686996,40.643494
3041836,PA,Cambria,42021,Patton Wind Farm,-78.696899,40.641991
3036436,ID,Twin Falls,16083,Payne's Ferry,-115.010986,42.823296
3036432,ID,Twin Falls,16083,Payne's Ferry,-115.006386,42.816795
3057655,CO,Huerfano,08055,Peak View Wind,-104.500084,37.705257
3057722,CO,Las Animas,08071,Peak View Wind,-104.511414,37.648018
3070457,OR,Gilliam,41021,Pebble Springs,-120.125511,45.747284
3026921,OR,Gilliam,41021,Pebble Springs,-120.094086,45.677593
3122487,CO,Logan,08075,Peetz Table,-103.315193,40.982895
3022790,CO,Logan,08075,Peetz Table,-103.308189,40.997993
3013001,CO,Logan,08075,Peetz Table Wind Farm,-103.181091,40.947891
3013019,CO,Logan,08075,Peetz Table Wind Farm,-103.15889,40.937992
3098023,MI,Tuscola,26157,Pegasus,-83.47905,43.557598
3098485,MI,Tuscola,26157,Pegasus,-83.576111,43.515263
3101938,MI,Tuscola,26157,Pegasus II,-83.477448,43.533386
3101887,MI,Tuscola,26157,Pegasus II,-83.574615,43.470497
3038633,ND,Pembina,38067,Pembina Border Station,-97.241592,48.996891
3034094,TX,Kenedy,48261,Penescal,-97.547791,27.091894
3034036,TX,Kenedy,48261,Penescal,-97.505295,27.019594
3033070,TX,Kenedy,48261,Penescal II,-97.478394,27.174095
3033079,TX,Kenedy,48261,Penescal II,-97.623596,27.091595
3086242,NE,Fillmore,31059,Perennial Wind,-97.6427,40.631866
3086423,NE,Fillmore,31059,Perennial Wind,-97.61367,40.633755
3128371,AZ,Coconino,04005,Perrin Ranch,-112.294395,35.415508
3128301,AZ,Coconino,04005,Perrin Ranch,-112.305405,35.367451
3086538,OK,Woodward,40153,Persimmon Creek I,-99.314743,36.199203
3086343,OK,Woodward,40153,Persimmon Creek I,-99.35215,36.167057
3038202,NE,Boone,31011,Petersburg,-97.916794,41.866493
3038213,NE,Boone,31011,Petersburg,-97.947594,41.864594
3034162,OH,Fulton,39051,Pettisville Local Schools,-84.225395,41.527992
3098582,TX,Matagorda,48321,Peyton Creek,-95.97142,28.861139
3098054,TX,Matagorda,48321,Peyton Creek,-95.873787,28.893064
3046618,MI,Huron,26063,Pheasant Run I,-83.251595,43.806843
3042430,MI,Huron,26063,Pheasant Run I,-83.345398,43.735394
3034398,MA,Bristol,25005,Philips Lightolier,-71.116997,41.74609
3073488,CT,New Haven,09009,Phoenix Press,-72.901932,41.301205
3035458,OH,Lorain,39093,Pick-a-Part Turbine,-81.946899,41.326893
3070865,IL,Adams,17001,Pigeon Creek,-91.192268,39.833282
3036445,ID,Twin Falls,16083,Pilgrim Stage Station,-114.998886,42.792892
3036560,ID,Twin Falls,16083,Pilgrim Stage Station,-115.000885,42.788193
3041446,AK,Kodiak Island Borough,02150,Pillar Mountain II,-152.450272,57.785797
3041445,AK,Kodiak Island Borough,02150,Pillar Mountain II,-152.455078,57.7845
3053267,IL,Kankakee,17091,Pilot Hill,-88.076935,41.003334
3053437,IL,Kankakee,17091,Pilot Hill,-88.050652,41.010292
3067427,NE,Dawes,31045,Pine Ridge Job Corp,-102.983292,42.679729
3088369,MI,Isabella,26073,Pine River,-84.634308,43.551846
3087774,MI,Isabella,26073,Pine River,-84.65464,43.486347
3027511,CA,Kern,06029,Pine Tree Wind Farm,-118.200584,35.262394
3027516,CA,Kern,06029,Pine Tree Wind Farm,-118.213989,35.269196
3033270,CA,Kern,06029,Pine Tree extension,-118.199692,35.231396
3033271,CA,Kern,06029,Pine Tree extension,-118.200691,35.228497
3120327,WV,Mineral,54057,Pinnacle,-79.040314,39.433964
3038151,WV,Mineral,54057,Pinnacle,-79.030495,39.443993
3061314,MI,Huron,26063,Pinnebog,-83.094017,43.832077
3061336,MI,Huron,26063,Pinnebog,-83.08844,43.843464
3045257,CA,Kern,06029,Pinyon Pines I,-118.223686,35.061893
3045256,CA,Kern,06029,Pinyon Pines I,-118.224785,35.060894
3045027,CA,Kern,06029,Pinyon Pines II,-118.215698,35.017281
3072645,CA,Kern,06029,Pinyon Pines II,-118.207474,35.017929
3039074,IA,Cedar,19031,Pioneer Grove,-91.234192,41.850891
3053440,IA,Cedar,19031,Pioneer Grove,-91.231194,41.854393
3132258,TX,Midland,48329,Pioneer Hutt Wind,-101.94416,31.76672
3132473,TX,Midland,48329,Pioneer Hutt Wind,-101.932373,31.748505
3030237,IA,Howard,19089,Pioneer Prairie I,-92.546791,43.491592
3025627,IA,Howard,19089,Pioneer Prairie I,-92.527992,43.462791
3071117,IA,Mitchell,19131,Pioneer Prairie II,-92.765358,43.465019
3025663,IA,Mitchell,19131,Pioneer Prairie II,-92.702995,43.464291
3038835,IL,Ford,17053,Pioneer Trail,-88.042793,40.483192
3038826,IL,Ford,17053,Pioneer Trail,-87.987892,40.479794
3057350,WY,Converse,56009,Pioneer Wind Park,-105.907356,42.663734
3057353,WY,Converse,56009,Pioneer Wind Park,-105.91127,42.66943
3014013,MN,Pipestone,27117,Pipestone School District,-96.340393,44.000893
3061069,ME,Penobscot,23019,Pisgah Mountain,-68.521385,44.775269
3060936,ME,Penobscot,23019,Pisgah Mountain,-68.524231,44.780083
3040864,TX,Crosby,48107,Pleasant Hill,-101.435555,33.745815
3040860,TX,Crosby,48107,Pleasant Hill,-101.468414,33.743885
3049055,MN,Mower,27099,Pleasant Valley,-92.798965,43.825363
3049076,MN,Mower,27099,Pleasant Valley,-92.746559,43.77935
3101850,NE,Wayne,31179,Plum Creek,-97.128441,42.154926
3099858,NE,Wayne,31179,Plum Creek,-97.238953,42.123291
3117134,IA,Plymouth,19149,Plymouth Wind,-95.963997,42.788944
3115211,IA,Plymouth,19149,Plymouth Wind,-95.900894,42.802612
3121398,IA,Pocahontas,19151,Pocahontas Prairie,-94.582794,42.607193
3121390,IA,Pocahontas,19151,Pocahontas Prairie,-94.536591,42.600491
3111169,CA,Kern,06029,Point Wind Plant,-118.331314,35.092632
3097052,CA,Kern,06029,Point Wind Plant,-118.348099,35.087406
3097995,MI,Gratiot,26057,Polaris,-84.384529,43.348415
3098315,MI,Gratiot,26057,Polaris,-84.436554,43.315182
3088706,NE,Polk,31143,Polk Renewables,-97.570107,41.165283
3121407,IA,Calhoun,19025,Pomeroy (expansion),-94.773994,42.550892
3121405,IA,Calhoun,19025,Pomeroy (expansion),-94.778496,42.547791
3103710,IA,Pocahontas,19151,Pomeroy I,-94.803192,42.609692
3103737,IA,Pocahontas,19151,Pomeroy I,-94.77739,42.62989
3103789,IA,Pocahontas,19151,Pomeroy II,-94.741989,42.586693
3103781,IA,Pocahontas,19151,Pomeroy II,-94.78479,42.596893
3104141,IA,Pocahontas,19151,Pomeroy III,-94.806496,42.61869
3104132,IA,Pocahontas,19151,Pomeroy III,-94.80909,42.577393
3103047,OK,Beaver,40007,Ponderosa,-100.710617,36.647911
3105562,OK,Beaver,40007,Ponderosa,-100.645287,36.54903
3139049,OK,Beaver,40007,Ponderosa II,-100.820587,36.62429
3138254,OK,Beaver,40007,Ponderosa II,-100.83931,36.596691
3002392,WI,Milwaukee,55079,Port of Milwaukee,-87.890839,43.003372
3071234,IL,Menard,17129,Porta High School,-89.863617,40.016724
3015899,RI,Newport,44005,Portsmouth Abbey School,-71.2687,41.599091
3038608,KS,Ellsworth,20053,Post Rock,-98.438591,38.845894
3038549,KS,Ellsworth,20053,Post Rock,-98.29039,38.857292
3041094,ID,Power,16077,Power,-112.747787,42.736294
3041091,ID,Power,16077,Power,-112.752991,42.743893
3076979,IA,Mahaska,19123,Prairie,-92.688934,41.487179
3080469,IA,Mahaska,19123,Prairie,-92.72522,41.48708
3048898,NE,Antelope,31003,Prairie Breeze,-98.165955,41.920673
3043052,NE,Antelope,31003,Prairie Breeze,-98.066193,41.921993
3053245,NE,Antelope,31003,Prairie Breeze II,-97.910133,41.944336
3053247,NE,Antelope,31003,Prairie Breeze II,-97.92942,41.960224
3053475,NE,Antelope,31003,Prairie Breeze III,-98.014915,42.010288
3053411,NE,Antelope,31003,Prairie Breeze III,-97.970291,41.962173
3097528,TX,Limestone,48293,Prairie Hill,-96.847343,31.603519
3097673,TX,Limestone,48293,Prairie Hill,-96.841736,31.587574
3076608,IA,Mahaska,19123,Prairie II,-92.729187,41.461643
3075961,IA,Mahaska,19123,Prairie II,-92.701714,41.485237
3088792,KS,Allen,20001,Prairie Queen,-95.29628,37.955093
3088960,KS,Allen,20001,Prairie Queen,-95.314827,37.954903
3037952,MN,Rock,27133,Prairie Rose,-96.261795,43.823391
3037966,MN,Rock,27133,Prairie Rose,-96.295189,43.811394
3035536,MN,Mower,27099,Prairie Star,-92.632294,43.679893
3022382,MN,Mower,27099,Prairie Star,-92.495995,43.665791
3061910,ND,Ward,38101,Prairie Winds Minot Wind 2,-101.303566,47.925968
3071233,ND,Ward,38101,Prairie Winds Minot Wind 2,-101.289597,48.017635
3030994,ND,Ward,38101,Prairie Winds ND 1,-101.284492,47.99229
3062038,ND,Ward,38101,Prairie Winds ND 1,-101.327751,47.959328
3088044,KS,Pratt,20151,Pratt Wind Energy Center,-98.925331,37.541286
3089731,KS,Pratt,20151,Pratt Wind Energy Center,-98.961937,37.581638
3131829,IA,Adams,19003,Prescott Wind Farm I,-94.601746,41.120251
3134720,IA,Adams,19003,Prescott Wind Farm I,-94.618042,41.127522
3027665,ME,Aroostook,23003,Presque Isle,-68.020203,46.667389
3098046,SD,Bon Homme,46009,Prevailing Wind,-98.095016,43.108391
3097485,SD,Bon Homme,46009,Prevailing Wind,-98.023033,43.156586
3117343,TX,Mills,48333,Priddy,-98.413582,31.580517
3119398,TX,Mills,48333,Priddy,-98.485725,31.615084
3007386,MA,Worcester,25027,Princeton Municipal Light and Water Plant,-71.899796,42.47879
3005548,MA,Worcester,25027,Princeton Municipal Light and Water Plant,-71.899597,42.47699
3055286,OR,Baker,41001,Prospector,-117.255295,44.4184
3057478,OR,Baker,41001,Prospector,-117.262291,44.414986
3129768,IL,Bureau,17011,Providence Heights,-89.610039,41.297348
3070413,IL,Bureau,17011,Providence Heights,-89.596771,41.288895
3110325,MT,Carbon,30009,Pryor Mountain,-108.696815,45.109226
3105878,MT,Carbon,30009,Pryor Mountain,-108.71685,45.21896
3033447,CO,Pueblo,08101,Pueblo Towers,-104.621391,38.163395
3139201,PR,Naguabo Municipio,72103,Punta Lima Repower,-65.695068,18.186853
3139202,PR,Naguabo Municipio,72103,Punta Lima Repower,-65.695076,18.189802
3136504,TX,Scurry,48415,Pyron (Roscoe III),-100.68129,32.602196
3136435,TX,Fisher,48151,Pyron (Roscoe III),-100.63839,32.554592
3067256,WI,Lafayette,55065,Quilt Block,-90.280685,42.672134
3077917,WI,Lafayette,55065,Quilt Block,-90.277489,42.645626
3041257,AK,Bethel Census Area,02050,Quinhagak,-161.913086,59.740299
3041258,AK,Bethel Census Area,02050,Quinhagak,-161.914383,59.740002
3120355,MN,Freeborn,27047,REG Juhl Glenville Wind Project,-93.307907,43.580902
3066456,IL,Macon,17115,Radford's Run,-89.024498,39.978096
3066461,IL,Macon,17115,Radford's Run,-89.03524,40.001583
3026160,IL,Tazewell,17179,Rail Splitter,-89.424492,40.362595
3026149,IL,Tazewell,17179,Rail Splitter,-89.481194,40.373592
3062082,TX,Crosby,48107,Ralls Wind Farm,-101.385574,33.66127
3134135,TX,Crosby,48107,Ralls Wind Farm,-101.377632,33.66127
3091543,TX,Crockett,48105,Ranchero,-101.630775,30.971348
3091345,TX,Crockett,48105,Ranchero,-101.635841,30.988022
3119083,TX,Callahan,48059,Ranchland Wind Project,-99.167595,32.282307
3119284,TX,Callahan,48059,Ranchland Wind Project,-99.174149,32.269024
3072773,IN,Randolph,18135,Randolph Eastern School Corporation,-84.822083,40.210266
3054497,TX,Glasscock,48173,Rattlesnake,-101.504875,31.758995
3051437,TX,Glasscock,48173,Rattlesnake,-101.490089,31.762054
3086374,NE,Dixon,31051,Rattlesnake Creek,-96.91507,42.39978
3083623,NE,Dixon,31051,Rattlesnake Creek,-96.844666,42.313801
3107010,WA,Adams,53001,Rattlesnake Flat,-118.436752,46.884724
3105589,WA,Adams,53001,Rattlesnake Flat,-118.37397,46.874493
3023158,OR,Gilliam,41021,Rattlesnake Road,-120.218086,45.704895
3033391,OR,Gilliam,41021,Rattlesnake Road,-120.222588,45.676594
3078697,TX,McCulloch,48307,Rattlesnake Wind,-99.47937,31.243803
3079500,TX,McCulloch,48307,Rattlesnake Wind,-99.57785,31.255684
3094876,KS,Osage,20139,Reading Wind Facility,-95.935654,38.451614
3094625,KS,Lyon,20111,Reading Wind Facility,-96.037704,38.509464
3037695,ME,Oxford,23017,Record Hill,-70.630455,44.663345
3037590,ME,Oxford,23017,Record Hill,-70.631996,44.65049
3131453,WI,Grant,55043,Red Barn Wind,-90.456482,42.938751
3129403,WI,Grant,55043,Red Barn Wind,-90.466171,42.918526
3077092,TX,Borden,48033,Red Canyon Wind Energy,-101.191818,32.925282
3076129,TX,Garza,48169,Red Canyon Wind Energy,-101.243546,32.985256
3080959,OK,Kingfisher,40073,Red Dirt,-97.776077,36.034481
3079776,OK,Kingfisher,40073,Red Dirt,-97.829559,36.070869
3027232,OK,Roger Mills,40129,Red Hills,-99.441193,35.546192
3027194,OK,Roger Mills,40129,Red Hills,-99.413193,35.528996
3054652,AZ,Cochise,04003,Red Horse 2,-110.087898,32.300514
3054651,AZ,Cochise,04003,Red Horse 2,-110.086411,32.276573
3108417,MN,Red Lake,27125,Red Lake Falls,-96.320518,47.871532
3107600,MN,Red Lake,27125,Red Lake Falls,-96.31517,47.872391
3037211,NM,Cibola,35006,Red Mesa,-107.389191,35.269993
3037216,NM,Cibola,35006,Red Mesa,-107.385986,35.250694
3081910,MN,Lincoln,27081,Red Pine,-96.108688,44.496929
3082020,MN,Lincoln,27081,Red Pine,-96.215172,44.510143
3063233,OK,Grady,40051,Redbed Plains,-97.907867,35.311619
3065085,OK,Grady,40051,Redbed Plains,-97.8853,35.317345
3014732,MN,Redwood,27127,Redwood Falls (SMMPA),-95.175896,44.501591
3014731,MN,Redwood,27127,Redwood Falls (SMMPA),-95.175896,44.504494
3110599,TX,Zapata,48505,Reloj del Sol,-99.319931,27.129974
3109115,TX,Zapata,48505,Reloj del Sol,-99.286758,27.154345
3102780,IA,Sac,19161,Richland,-95.249168,42.275043
3102590,IA,Sac,19161,Richland,-95.277657,42.414017
3074414,IL,Macon,17115,Richland Community College,-88.895363,39.88662
3004564,CA,Kern,06029,Ridgetop,-118.300789,35.079994
3010456,CA,Kern,06029,Ridgetop,-118.307129,35.07159
3035463,MN,Pipestone,27117,Ridgewind,-96.067894,44.010193
3035464,MN,Pipestone,27117,Ridgewind,-96.074394,44.018593
3034022,MT,Toole,30101,Rim Rock,-112.113991,48.803795
3029423,MT,Toole,30101,Rim Rock,-112.053886,48.855392
3053396,PA,Somerset,42111,Ringer Hill,-79.200661,39.731243
3053395,PA,Somerset,42111,Ringer Hill,-79.201065,39.728497
3088767,TX,Starr,48427,Rio Bravo,-98.961182,26.666363
3092494,TX,Starr,48427,Rio Bravo,-99.039276,26.629406
3038167,IA,Greene,19073,Rippey,-94.230888,41.973492
3042176,IA,Greene,19073,Rippey,-94.235191,41.989693
3050208,CA,Kern,06029,Rising Tree North,-118.211655,35.07988
3050221,CA,Kern,06029,Rising Tree North,-118.230743,35.08717
3050729,CA,Kern,06029,Rising Tree South,-118.24324,35.066422
3050737,CA,Kern,06029,Rising Tree South,-118.259109,35.059143
3134964,TX,Eastland,48133,Roadrunner,-99.09034,32.446438
3135403,TX,Eastland,48133,Roadrunner,-99.106209,32.415291
3109737,NY,Lewis,36049,Roaring Brook Wind,-75.609123,43.706276
3109790,NY,Lewis,36049,Roaring Brook Wind,-75.624046,43.7136
3040009,CA,Riverside,06065,Robertsons Ready Mix,-116.811386,33.914597
3040010,CA,Riverside,06065,Robertsons Ready Mix,-116.815086,33.917194
3128536,MN,Murray,27101,Rock Aetna,-96.058449,44.046474
3128532,MN,Murray,27101,Rock Aetna,-96.055145,44.030472
3103075,MN,Rock,27133,Rock Wind Fuel Project,-96.262344,43.641918
3102868,MN,Rock,27133,Rock Wind Fuel Project,-96.277794,43.630451
3064820,MO,Atchison,29005,Rock Creek,-95.182266,40.470924
3064808,MO,Atchison,29005,Rock Creek,-95.268158,40.373455
3076253,OK,Grant,40053,Rock Falls,-97.53212,36.922985
3076595,OK,Grant,40053,Rock Falls,-97.491348,36.932636
3137555,WY,Carbon,56007,Rock River I Repowering,-106.114342,41.715515
3137107,WY,Carbon,56007,Rock River I Repowering,-106.135826,41.71682
3004445,VT,Washington,50023,Rock of Ages,-72.476997,44.153492
3116584,OK,Murray,40099,Rockhaven Wind Project,-97.310616,34.435753
3116520,OK,Murray,40099,Rockhaven Wind Project,-97.306046,34.422211
3040645,ID,Power,16077,Rockland,-112.900787,42.706493
3040616,ID,Power,16077,Rockland,-112.949989,42.681095
3078252,TX,Val Verde,48465,Rocksprings,-100.804855,29.764315
3078313,TX,Val Verde,48465,Rocksprings,-100.796761,29.751314
3041350,OK,Washita,40149,Rocky Ridge I,-99.018394,35.180794
3041307,OK,Kiowa,40075,Rocky Ridge I,-99.027489,35.104595
3037594,IA,Worth,19195,Roeder Farms,-93.283195,43.297291
3136625,IA,Cass,19029,Rolling Hills,-94.726395,41.282494
3136589,IA,Adair,19001,Rolling Hills,-94.69799,41.237991
3027607,ME,Penobscot,23019,Rollins,-68.393204,45.32159
3027601,ME,Penobscot,23019,Rollins,-68.379303,45.411289
3051567,NM,Roosevelt,35041,Roosevelt,-103.571564,33.946823
3051664,NM,Roosevelt,35041,Roosevelt,-103.41465,33.882099
3020105,TX,Nolan,48353,Roscoe,-100.563889,32.454292
3020136,TX,Mitchell,48335,Roscoe,-100.728088,32.514694
3062259,SD,Todd,46121,Rosebud Sioux,-100.578491,43.002693
3061063,IA,Cass,19029,Roseman Energy LLC,-94.753922,41.373135
3106171,IN,White,18181,Rosewater,-86.993675,40.769783
3110112,IN,White,18181,Rosewater,-86.932228,40.770435
3005152,WI,Kewaunee,55061,Rosiere Wind Farm,-87.645798,44.637894
3074874,WI,Kewaunee,55061,Rosiere Wind Farm,-87.647224,44.643341
3039218,MD,Garrett,24023,Roth Rock,-79.454895,39.268093
3039229,MD,Garrett,24023,Roth Rock,-79.452995,39.269993
3099015,WY,Laramie,56021,Roundhouse,-105.095299,41.075127
3101549,WY,Laramie,56021,Roundhouse,-105.183281,41.05463
3129406,WY,Laramie,56021,Roundhouse Wind II,-105.043289,41.027409
3130351,WY,Laramie,56021,Roundhouse Wind II,-105.018311,41.049046
3055189,TX,Armstrong,48011,Route 66,-101.440979,35.168053
3055194,TX,Armstrong,48011,Route 66,-101.415977,35.154804
3114257,ME,Oxford,23017,Roxwind,-70.61763,44.625343
3114680,ME,Oxford,23017,Roxwind,-70.616493,44.616776
3017946,ND,Pierce,38069,Rugby,-99.96199,48.528591
3026348,ND,Pierce,38069,Rugby,-100.009193,48.511192
3083776,CO,Elbert,08039,Rush Creek I,-103.838486,39.221287
3084149,CO,Elbert,08039,Rush Creek I,-103.880417,39.141449
3086214,CO,Lincoln,08073,Rush Creek II,-103.169586,39.0509
3086564,CO,Lincoln,08073,Rush Creek II,-103.166382,39.097881
3057692,OK,Grady,40051,Rush Springs Wind Energy Center,-97.799545,34.690392
3054174,OK,Grady,40051,Rush Springs Wind Energy Center,-97.803543,34.69088
3011780,MN,Lincoln,27081,Ruthton Wind Farm,-96.231789,44.225594
3011771,MN,Lincoln,27081,Ruthton Wind Farm,-96.229591,44.234192
3042168,WI,Racine,55101,SC Johnson Waxdale Plant,-87.888039,42.713242
3072602,WI,Racine,55101,SC Johnson Waxdale Plant,-87.887939,42.711086
3120349,IA,Sac,19161,Sac Wind (Richland Wind),-95.212784,42.33791
3119512,IA,Sac,19161,Sac Wind (Richland Wind),-95.181358,42.34573
3067914,ND,Stark,38089,Sacred Heart Monestery,-102.346581,46.896454
3048998,ME,Franklin,23007,Saddleback Ridge,-70.37999,44.601429
3049007,ME,Franklin,23007,Saddleback Ridge,-70.36541,44.61821
3041123,CA,San Joaquin,06077,Safeway Tracy,-121.521889,37.714294
3072488,CA,San Joaquin,06077,Safeway Tracy,-121.520927,37.71344
3102062,NM,Roosevelt,35041,Sagamore Wind,-103.295525,33.816582
3107906,NM,Roosevelt,35041,Sagamore Wind,-103.095085,33.989391
3098215,TX,Lynn,48305,Sage Draw,-101.580719,33.293762
3099504,TX,Garza,48169,Sage Draw,-101.492432,33.289215
3032880,WA,Kittitas,53037,Sagebrush (Kittitas Valley),-120.685188,47.153095
3032891,WA,Kittitas,53037,Sagebrush (Kittitas Valley),-120.674782,47.151394
3087838,CA,Monterey,06053,Salinas Valley State Prison,-121.37075,36.474236
3036574,ID,Twin Falls,16083,Salmon Falls,-115.005684,42.686394
3036543,ID,Twin Falls,16083,Salmon Falls,-114.989883,42.694893
3054090,TX,Donley,48129,Salt Fork,-100.963753,35.178841
3053954,TX,Donley,48129,Salt Fork,-100.924118,35.155449
3074134,CA,Los Angeles,06037,San Clemente Island,-118.551636,32.985569
3074135,CA,Los Angeles,06037,San Clemente Island,-118.552109,32.986084
3071641,CA,Riverside,06065,San Gorgonio Farms Wind Farm,-116.611725,33.925968
3001393,CA,Riverside,06065,San Gorgonio Farms Wind Farm,-116.624985,33.927994
3070171,CA,Riverside,06065,San Gorgonio Westwinds II LLC,-116.589813,33.891918
3006243,CA,Riverside,06065,San Gorgonio Westwinds II LLC,-116.55619,33.895596
3063129,CA,Riverside,06065,San Gorgonio Wind Associates 7,-116.58709,33.921494
3062900,CA,Riverside,06065,San Gorgonio Wind Associates 7,-116.58709,33.922096
3069666,NM,Roosevelt,35041,San Juan Mesa,-103.812088,33.964493
3069676,NM,Chaves,35005,San Juan Mesa,-103.863472,33.953793
3057687,TX,Cameron,48061,San Roman,-97.38089,26.098719
3061238,TX,Cameron,48061,San Roman,-97.333183,26.119848
3019403,TX,Sterling,48431,Sand Bluff,-101.253891,31.942495
3019940,TX,Glasscock,48173,Sand Bluff,-101.332794,31.996395
3036761,AK,Aleutians East Borough,02013,Sand Point,-160.490585,55.344799
3036762,AK,Aleutians East Borough,02013,Sand Point,-160.489075,55.343601
3034221,PA,Centre,42027,Sandy Ridge,-78.232597,40.751392
3039106,PA,Blair,42013,Sandy Ridge,-78.292496,40.720493
3129679,PA,Centre,42027,Sandy Ridge 2,-78.25441,40.753193
3129902,PA,Blair,42013,Sandy Ridge 2,-78.266876,40.73188
3034241,RI,Newport,44005,Sandywoods,-71.1539,41.620491
3064958,NM,Santa Fe,35049,Santa Fe Public Works,-106.069237,35.641449
3072761,PR,Santa Isabel Municipio,72133,Santa Isabel,-66.370613,17.976768
3072718,PR,Santa Isabel Municipio,72133,Santa Isabel,-66.393341,17.970871
3065611,TX,Reagan,48383,Santa Rita,-101.406029,31.228323
3065708,TX,Reagan,48383,Santa Rita,-101.398796,31.214622
3091978,TX,Irion,48235,Santa Rita East,-101.122925,31.263762
3090089,TX,Irion,48235,Santa Rita East,-101.166885,31.186605
3128916,IL,McLean,17113,Sapphire Sky Wind Energy Center,-88.634392,40.302307
3127559,IL,McLean,17113,Sapphire Sky Wind Energy Center,-88.643661,40.371342
3089136,IA,Howard,19089,Saratoga,-92.333031,43.400082
3089284,IA,Howard,19089,Saratoga,-92.347466,43.365639
3017039,AK,Nome Census Area,02180,Savoonga,-170.498077,63.692303
3017040,AK,Nome Census Area,02180,Savoonga,-170.498276,63.691502
3036284,ID,Elmore,16039,Sawtooth,-115.39579,42.992195
3036285,ID,Elmore,16039,Sawtooth,-115.397087,42.990093
3067260,CA,Monterey,06053,Scheid Vineyards,-121.191589,36.274509
3094906,OH,Hardin,39065,Scioto Ridge,-83.738098,40.575764
3094066,OH,Hardin,39065,Scioto Ridge,-83.766083,40.575413
3041799,MA,Plymouth,25023,Scituate Wind,-70.7285,42.175091
3052467,OK,Dewey,40043,Seiling,-99.031601,36.090084
3052337,OK,Dewey,40043,Seiling,-99.024498,36.139244
3050431,OK,Woodward,40153,Seiling 2,-98.9757,36.169632
3050430,OK,Woodward,40153,Seiling 2,-98.979904,36.170692
3050249,AK,Northwest Arctic Borough,02188,Selawik Wind Project,-160.0186,66.608353
3050248,AK,Northwest Arctic Borough,02188,Selawik Wind Project,-160.019592,66.60891
3045016,TX,Jack,48237,Senate,-98.319092,33.186195
3045484,TX,Jack,48237,Senate,-98.321495,33.197895
3055700,TX,Jim Hogg,48247,Sendero,-98.868584,27.158638
3055678,TX,Jim Hogg,48247,Sendero,-98.949532,27.167475
3056439,NY,Erie,36029,Seneca Nation,-79.102692,42.580894
3005271,IA,Kossuth,19109,Sentral Community School,-94.388573,43.210556
3034654,IL,Iroquois,17075,Settler's Trail,-87.528694,40.686192
3034650,IL,Iroquois,17075,Settler's Trail,-87.601097,40.738091
3126677,OK,Washita,40149,Seven Cowboy,-99.139015,35.200462
3126541,OK,Washita,40149,Seven Cowboy,-99.137115,35.15374
3104783,WY,Carbon,56007,Seven Mile Hill I & II,-106.434891,41.971191
3104795,WY,Carbon,56007,Seven Mile Hill I & II,-106.365585,41.952194
3090105,TX,Baylor,48023,Seymour Hills,-99.187454,33.592297
3091934,TX,Baylor,48023,Seymour Hills,-99.19976,33.582092
3039050,IL,Lee,17103,Shady Oaks,-89.097092,41.639893
3038953,IL,Lee,17103,Shady Oaks,-89.093094,41.680462
3117300,IL,Lee,17103,Shady Oaks II,-88.992844,41.665192
3134487,IL,Lee,17103,Shady Oaks II,-89.029343,41.675465
3062554,UT,Tooele,49045,Shakopee Mdewakanton Sioux,-112.377289,40.500694
3037156,AK,Nome Census Area,02180,Shaktoolik,-161.202072,64.360191
3041480,AK,Nome Census Area,02180,Shaktoolik,-161.203964,64.360901
3132155,TX,Crockett,48105,Shamrock Wind Facility (White Mesa Wind III),-101.631554,30.954872
3130712,TX,Crockett,48105,Shamrock Wind Facility (White Mesa Wind III),-101.607971,30.928102
3069638,MN,Pipestone,27117,Shane Colwell,-96.136215,44.150887
3054800,TX,Clay,48077,Shannon,-98.382362,33.469753
3054772,TX,Clay,48077,Shannon,-98.332657,33.50531
3062681,MN,Lincoln,27081,Shaokatan Hills,-96.436188,44.401993
3011616,MN,Lincoln,27081,Shaokatan Hills,-96.429688,44.405193
3013890,MN,Lincoln,27081,Shaokatan Power Partners,-96.418594,44.39669
3013891,MN,Lincoln,27081,Shaokatan Power Partners,-96.417892,44.399094
3037468,VT,Caledonia,50005,Sheffield,-72.090096,44.676891
3039718,VT,Caledonia,50005,Sheffield,-72.101784,44.678127
3046410,IN,Henry,18065,Shenandoah School Corporation,-85.523666,40.010242
3121432,OR,Gilliam,41021,Shepherds Flat,-120.109184,45.759895
3121413,OR,Gilliam,41021,Shepherds Flat,-120.105156,45.752033
3023683,TX,Pecos,48371,Sherbino I,-102.328888,30.823195
3024794,TX,Pecos,48371,Sherbino I,-102.386292,30.819695
3122543,TX,Pecos,48371,Sherbino II,-102.514694,30.762995
3122591,TX,Pecos,48371,Sherbino II,-102.524094,30.771194
3070438,IL,Rock Island,17161,Sherrard High School,-90.528229,41.344524
3029529,CA,Solano,06095,Shiloh II,-121.774284,38.141796
3028696,CA,Solano,06095,Shiloh II,-121.774689,38.170094
3041048,CA,Solano,06095,Shiloh III,-121.727386,38.146793
3041030,CA,Solano,06095,Shiloh III,-121.75489,38.171696
3043791,CA,Solano,06095,Shiloh IV,-121.84539,38.154095
3043770,CA,Solano,06095,Shiloh IV,-121.857384,38.136196
3016968,CA,Solano,06095,Shiloh Wind Project,-121.848289,38.096497
3016931,CA,Solano,06095,Shiloh Wind Project,-121.849289,38.168194
3034444,WI,Brown,55009,Shirley,-87.925194,44.34399
3034447,WI,Brown,55009,Shirley,-87.919693,44.347492
3090252,NE,Wayne,31179,Sholes,-97.283371,42.208992
3091785,NE,Wayne,31179,Sholes,-97.32386,42.262249
3039631,KS,Kiowa,20097,Shooting Star,-99.47699,37.533092
3039588,KS,Kiowa,20097,Shooting Star,-99.454788,37.496994
3003694,IA,Osceola,19143,Sibley Hills,-95.651093,43.404591
3069112,IA,Osceola,19143,Sibley Wind Farm,-95.646439,43.406742
3069111,IA,Osceola,19143,Sibley Wind Farm,-95.649292,43.408596
3072060,MI,Huron,26063,Sigel Wind Park,-82.767235,43.842148
3037638,MI,Huron,26063,Sigel Wind Park,-82.767654,43.821209
3127306,ME,Penobscot,23019,Silver Maple,-68.517059,44.765808
3126099,ME,Penobscot,23019,Silver Maple,-68.513992,44.773388
3033312,WY,Laramie,56021,Silver Sage,-105.026093,41.119991
3033310,WY,Laramie,56021,Silver Sage,-105.035988,41.129791
3122615,TX,Eastland,48133,Silver Star I,-98.488693,32.329395
3122598,TX,Erath,48143,Silver Star I,-98.43399,32.329994
3109151,OK,Alfalfa,40003,Skeleton Creek,-98.111603,36.562088
3105889,OK,Major,40093,Skeleton Creek,-98.198647,36.428425
3094732,WA,Lewis,53041,Skookumchuck,-122.602585,46.718765
3094954,WA,Lewis,53041,Skookumchuck,-122.582382,46.704296
3005277,CA,Kern,06029,Sky River,-118.25499,35.076496
3114897,CA,Kern,06029,Sky River Repower,-118.238869,35.240356
3114946,CA,Kern,06029,Sky River Repower,-118.239426,35.236694
3042793,IA,Adair,19001,Sky Volt,-94.485252,41.290779
3049777,KS,Sumner,20191,Slate Creek,-97.258339,37.127296
3049774,KS,Sumner,20191,Slate Creek,-97.294655,37.143505
3019982,OK,Harper,40059,Sleeping Bear,-99.521889,36.625996
3019986,OK,Harper,40059,Sleeping Bear,-99.510292,36.624794
3122622,KS,Lincoln,20105,Smoky Hills,-98.040092,38.882195
3020810,KS,Lincoln,20105,Smoky Hills,-98.115494,38.887894
3021380,KS,Lincoln,20105,Smoky Hills II,-98.270493,38.873093
3122652,KS,Ellsworth,20053,Smoky Hills II,-98.227493,38.858192
3016377,TX,Scurry,48415,Snyder,-100.726791,32.747093
3016362,TX,Scurry,48415,Snyder,-100.733994,32.730095
3129272,CA,Solano,06095,Solano IV Repower,-121.775146,38.131641
3126034,CA,Solano,06095,Solano IV Repower,-121.774513,38.126522
3035608,CA,Solano,06095,Solano Phase 3,-121.788383,38.076096
3035609,CA,Solano,06095,Solano Phase 3,-121.80909,38.093197
3017018,CA,Solano,06095,Solano Phase IIA,-121.774788,38.102196
3017022,CA,Solano,06095,Solano Phase IIA,-121.775284,38.095695
3025443,CA,Solano,06095,Solano Wind Project,-121.755188,38.095295
3025434,CA,Solano,06095,Solano Wind Project,-121.77079,38.090694
3107094,KS,Nemaha,20131,Soldier Creek Wind Energy Center,-95.923561,39.692001
3106277,KS,Nemaha,20131,Soldier Creek Wind Energy Center,-96.082314,39.687389
3092778,KS,Thomas,20193,Solomon Forks,-101.151764,39.289967
3092028,KS,Thomas,20193,Solomon Forks,-101.202438,39.288395
3068583,PA,Somerset,42111,Somerset,-79.012024,39.981735
3012433,PA,Somerset,42111,Somerset,-79.012596,39.979893
3035403,PA,Fayette,42051,South Chestnut,-79.716095,39.760593
3035401,PA,Fayette,42051,South Chestnut,-79.722694,39.771992
3075597,SD,Hyde,46069,South Dakota,-99.457016,44.368439
3013915,SD,Hyde,46069,South Dakota,-99.490196,44.34407
3035336,SD,Brule,46015,South Dakota Wind Partners,-98.816391,43.923893
3035378,SD,Brule,46015,South Dakota Wind Partners,-98.838791,43.926193
3056160,MN,Jackson,27063,South Fork,-95.399933,43.593971
3056119,MN,Jackson,27063,South Fork,-95.399506,43.599777
3134682,NA,NA,NA,South Fork Wind Farm,-71.12394,41.076851
3134660,NA,NA,NA,South Fork Wind Farm,-71.146896,41.109493
3121517,OR,Gilliam,41021,South Hurlburt,-120.050087,45.642494
3121151,OR,Morrow,41049,South Hurlburt,-119.981689,45.631992
3099104,MT,Judith Basin,30045,South Peak,-110.688385,47.300793
3098555,MT,Judith Basin,30045,South Peak,-110.690903,47.305
3055772,TX,Floyd,48153,South Plains,-101.374451,34.108273
3050704,TX,Floyd,48153,South Plains,-101.386749,34.101494
3054108,TX,Floyd,48153,South Plains II,-101.408173,34.25246
3054073,TX,Floyd,48153,South Plains II,-101.411758,34.252361
3027333,TX,Nolan,48353,South Trent Mesa,-100.255493,32.417393
3027302,TX,Taylor,48441,South Trent Mesa,-100.116791,32.414295
3110357,IA,Adams,19003,Southern Hills,-94.492584,41.112743
3109553,IA,Adams,19003,Southern Hills,-94.486809,41.076168
3105964,IA,Union,19175,Southern Hills Expansion,-94.463516,41.138893
3109091,IA,Adams,19003,Southern Hills Expansion,-94.512939,41.131645
3018490,UT,Utah,49049,Spanish Fork,-111.58429,40.076595
3018488,UT,Utah,49049,Spanish Fork,-111.583488,40.070892
3069758,KS,Ford,20057,Spearville,-99.728836,37.873287
3021017,KS,Ford,20057,Spearville,-99.769394,37.872494
3038081,KS,Ford,20057,Spearville 3,-99.800293,37.882496
3038070,KS,Ford,20057,Spearville 3,-99.872787,37.842793
3070255,KS,Ford,20057,Spearville II,-99.748489,37.860695
3070285,KS,Ford,20057,Spearville II,-99.709488,37.889793
3048455,TX,Oldham,48359,Spinning Spur 2,-102.662491,35.323093
3048505,TX,Oldham,48359,Spinning Spur 2,-102.560593,35.286793
3050294,TX,Oldham,48359,Spinning Spur 3,-102.701332,35.281864
3050264,TX,Oldham,48359,Spinning Spur 3,-102.748291,35.284256
3045562,TX,Oldham,48359,Spinning Spur Wind Ranch,-102.504494,35.332394
3045661,TX,Oldham,48359,Spinning Spur Wind Ranch,-102.50869,35.296993
3044785,MT,Judith Basin,30045,Spion Kop,-110.65419,47.324593
3045019,MT,Judith Basin,30045,Spion Kop,-110.644585,47.346992
3071041,IA,Dickinson,19059,Spirit Lake,-95.099014,43.411377
3071042,IA,Dickinson,19059,Spirit Lake,-95.100662,43.411358
3044956,CO,Logan,08075,Spring Canyon,-103.025291,40.973492
3019201,CO,Logan,08075,Spring Canyon,-103.032494,40.970493
3047636,CO,Logan,08075,Spring Canyon Expansion,-102.963127,40.995125
3050919,CO,Logan,08075,Spring Canyon Expansion,-102.967934,40.996132
3040979,NV,White Pine,32033,Spring Valley,-114.506485,39.085194
3041036,NV,White Pine,32033,Spring Valley,-114.510284,39.107094
3034425,NE,Keya Paha,31103,Springview II Wind Facility,-99.77739,42.825794
3061426,NE,Keya Paha,31103,Springview II Wind Facility,-99.774788,42.827194
3034781,ME,Oxford,23017,Spruce Mountain,-70.552101,44.422092
3034783,ME,Oxford,23017,Spruce Mountain,-70.559196,44.420193
3090041,MN,Stearns,27145,St. Cloud VA Medical Center,-94.208275,45.577091
3083853,AK,Wade Hampton Census Area,02270,St. Mary's Wind Turbine,-163.250778,62.034767
3069816,MN,Rice,27131,St. Olaf College,-93.192368,44.462383
3070204,AK,Aleutians West Census Area,02016,St. Paul Island I,-170.235947,57.157486
3020665,AK,Aleutians West Census Area,02016,St. Paul Island II,-170.237381,57.157562
3020667,AK,Aleutians West Census Area,02016,St. Paul Island II,-170.235199,57.157036
3024556,TX,Martin,48317,Stanton Energy Center,-101.808594,32.174595
3027404,TX,Martin,48317,Stanton Energy Center,-101.82959,32.246197
3033878,OR,Sherman,41055,Star Point,-120.431183,45.538296
3033859,OR,Sherman,41055,Star Point,-120.521683,45.527893
3012737,OR,Umatilla,41059,Stateline Wind Project,-118.808983,45.989895
3068984,OR,Umatilla,41059,Stateline Wind Project,-118.788086,45.973339
3117486,NY,Erie,36029,Steel Winds,-78.86599,42.815334
3136774,NY,Erie,36029,Steel Winds,-78.870399,42.821991
3136777,NY,Erie,36029,Steel Winds II,-78.8591,42.801891
3136776,NY,Erie,36029,Steel Winds II,-78.857094,42.80109
3046455,NE,Jefferson,31095,Steele Flats,-96.922394,40.052395
3046427,NE,Jefferson,31095,Steele Flats,-96.944199,40.071857
3087656,TX,Kenedy,48261,Stella,-97.62162,26.906466
3087566,TX,Kenedy,48261,Stella,-97.598732,26.89324
3044573,TX,Borden,48033,Stephens Ranch 1,-101.62999,32.876865
3044483,TX,Borden,48033,Stephens Ranch 1,-101.660339,32.958824
3044428,TX,Lynn,48305,Stephens Ranch II,-101.721924,32.988914
3044467,TX,Lynn,48305,Stephens Ranch II,-101.678635,32.974434
3078342,NM,Lea,35025,Sterling Phase I,-103.281242,33.356575
3078202,NM,Lea,35025,Sterling Phase I,-103.315414,33.361767
3022753,ME,Washington,23029,Stetson,-67.974998,45.545391
3022750,ME,Washington,23029,Stetson,-67.976196,45.53949
3027573,ME,Washington,23029,Stetson Wind expansion,-67.960899,45.586891
3027588,ME,Washington,23029,Stetson Wind expansion,-67.978203,45.639091
3086522,MT,Stillwater,30095,Stillwater Big Sky,-109.51223,45.845127
3087442,MT,Stillwater,30095,Stillwater Big Sky,-109.487038,45.886307
3084198,MN,Pipestone,27117,Stoneray,-96.080063,43.998291
3086029,MN,Pipestone,27117,Stoneray,-96.116959,43.998291
3086249,MN,Pipestone,27117,Stoneray II,-96.135658,44.090366
3086077,MN,Pipestone,27117,Stoneray II,-96.153763,44.067966
3026184,MI,Missaukee,26113,Stoney Corners,-85.313393,44.189892
3026183,MI,Missaukee,26113,Stoney Corners,-85.304794,44.18959
3031163,MI,Missaukee,26113,Stoney Corners - Repower,-85.332794,44.186192
3031160,MI,Missaukee,26113,Stoney Corners - Repower,-85.303596,44.201092
3034154,MI,Missaukee,26113,Stoney Corners II,-85.296097,44.197292
3077452,MI,Missaukee,26113,Stoney Corners II,-85.315834,44.18111
3034130,MI,Missaukee,26113,Stoney Corners III,-85.273994,44.168694
3071417,MI,Missaukee,26113,Stoney Corners III,-85.258453,44.170506
3030582,PA,Somerset,42111,Stony Creek,-78.834,40.025192
3030602,PA,Somerset,42111,Stony Creek,-78.802994,40.040592
3074500,IA,Buena Vista,19021,Storm Lake I,-95.307602,42.74548
3074473,IA,Buena Vista,19021,Storm Lake I,-95.378334,42.653301
3067974,IA,Buena Vista,19021,Storm Lake II,-95.321854,42.834873
3067980,IA,Buena Vista,19021,Storm Lake II,-95.318466,42.796928
3039262,IA,Story,19169,Story City Wind,-93.598991,42.207893
3104200,IA,Story,19169,Story,-93.242996,42.053391
3104212,IA,Story,19169,Story,-93.32019,42.145691
3029734,IA,Hardin,19083,Story II (aka Garden Wind),-93.438591,42.24419
3029693,IA,Hardin,19083,Story II (aka Garden Wind),-93.460991,42.272491
3126521,CA,Santa Barbara,06083,Strauss Wind,-120.518402,34.597713
3126246,CA,Santa Barbara,06083,Strauss Wind,-120.539421,34.574375
3015284,IA,Adair,19001,Stuart,-94.327393,41.493992
3101110,IL,Logan,17107,Sugar Creek,-89.552605,40.167027
3105837,IL,Logan,17107,Sugar Creek,-89.55191,40.138088
3097022,CA,Alameda,06001,Summit Wind Repowering,-121.677017,37.771149
3097248,CA,Alameda,06001,Summit Wind Repowering,-121.685989,37.781666
3111232,OK,Woods,40151,Sundance Wind,-98.664665,36.541237
3111295,OK,Woods,40151,Sundance Wind,-98.637543,36.496502
3056739,ND,Morton,38059,Sunflower,-102.057167,46.825672
3056410,ND,Stark,38089,Sunflower,-102.124199,46.823158
3129470,KS,Marion,20115,Sunflower Wind (KS),-97.063087,38.209148
3129422,KS,Marion,20115,Sunflower Wind (KS),-97.07592,38.22562
3028541,TX,Moore,48341,Sunray I,-101.87619,35.929493
3028540,TX,Moore,48341,Sunray I,-101.879692,35.931995
3028528,TX,Moore,48341,Sunray II,-101.900787,35.945694
3028522,TX,Moore,48341,Sunray II,-101.917694,35.953995
3044371,CA,Solano,06095,Superior Farms,-121.81749,38.420094
3022059,IL,Lee,17103,Sustainable Technologies Museum (Turbine Adam),-89.249695,41.660294
3041438,TX,Hartley,48205,Suzlon Project VII,-102.270988,35.749596
3041439,TX,Hartley,48205,Suzlon Project VII,-102.274193,35.749596
3045617,WA,Kittitas,53037,Swauk Valley,-120.754082,47.139194
3045603,WA,Kittitas,53037,Swauk Valley,-120.755486,47.144093
3129188,SD,Hand,46059,Sweetland,-98.850807,44.451553
3131700,SD,Hand,46059,Sweetland,-98.804604,44.365917
3075974,TX,Nolan,48353,Sweetwater,-100.328697,32.367615
3077696,TX,Nolan,48353,Sweetwater,-100.347206,32.346676
3024340,TX,Nolan,48353,Sweetwater IVa,-100.562393,32.292995
3024356,TX,Nolan,48353,Sweetwater IVa,-100.467194,32.303993
3024248,TX,Nolan,48353,Sweetwater IVb,-100.471191,32.286594
3024251,TX,Nolan,48353,Sweetwater IVb,-100.457092,32.281094
3078067,TX,Nolan,48353,Sweetwater Phase II,-100.369331,32.308113
3080929,TX,Nolan,48353,Sweetwater Phase II,-100.370102,32.317898
3112630,TX,Nolan,48353,Sweetwater Phase III,-100.433968,32.270443
3102778,TX,Nolan,48353,Sweetwater Phase III,-100.39415,32.29451
3024591,TX,Nolan,48353,Sweetwater V,-100.453293,32.242695
3024626,TX,Nolan,48353,Sweetwater V,-100.46299,32.221596
3056656,IL,Champaign,17019,TAC-Distributed Wind,-88.244324,40.088814
3100815,WY,Carbon,56007,TB Flats I & II,-106.159599,42.237331
3105683,WY,Carbon,56007,TB Flats I & II,-106.099731,42.099319
3071382,OH,Henry,39069,TJ Automation,-84.30851,41.459095
3031361,MN,St. Louis,27137,Taconite Ridge Energy Center,-92.582291,47.574993
3031357,MN,St. Louis,27137,Taconite Ridge Energy Center,-92.597389,47.573292
3087949,TX,Lynn,48305,Tahoka Wind,-101.743073,33.172752
3088247,TX,Lynn,48305,Tahoka Wind,-101.747505,33.173759
3071199,MD,Talbot,24041,Talbot DPW,-76.033745,38.818405
3071201,MD,Talbot,24041,Talbot DPW,-76.031288,38.818398
3033256,OK,Dewey,40043,Taloga,-98.972794,35.880493
3033285,OK,Dewey,40043,Taloga,-98.906296,35.868996
3070340,SD,McPherson,46089,Tatanka,-99.047523,45.911556
3070369,ND,Dickey,38021,Tatanka,-98.93631,45.953838
3110674,SD,Deuel,46039,Tatanka Ridge,-96.585838,44.593586
3107725,SD,Deuel,46039,Tatanka Ridge,-96.645279,44.606968
3048448,CA,Monterey,06053,Taylor Farms,-121.451797,36.50515
3073164,CA,Kern,06029,Tehachapi Hills,-118.340057,35.099499
3073008,CA,Kern,06029,Tehachapi Hills,-118.340736,35.098003
3073059,CA,Kern,06029,Tehachapi Hills (85A),-118.337509,35.101704
3073224,CA,Kern,06029,Tehachapi Hills (85A),-118.337402,35.101643
3073251,CA,Kern,06029,Tehachapi Hills (85B),-118.335022,35.10202
3073130,CA,Kern,06029,Tehachapi Hills (85B),-118.332817,35.105869
3071597,CA,Kern,06029,Tehachapi Windplant I,-118.383125,35.058228
3009785,CA,Kern,06029,Tehachapi Windplant I,-118.391747,35.059441
3006791,CA,Kern,06029,Tehachapi Windplant II,-118.293739,35.108494
3005448,CA,Kern,06029,Tehachapi Windplant II,-118.302803,35.117748
3061589,CA,San Joaquin,06077,Teichert Aggregates,-121.35656,37.616653
3026618,MA,Worcester,25027,Templeton Wind Turbine,-72.077698,42.589092
3097516,MO,Nodaway,29147,Tenaska Clear Creek Energy Center,-94.941536,40.473831
3096060,MO,Nodaway,29147,Tenaska Clear Creek Energy Center,-94.907875,40.425228
3037690,IL,Cook,17031,Testa Produce,-87.653992,41.810692
3025142,TX,Nolan,48353,Texas Tech - Nolan,-100.526093,32.350197
3009351,IN,Randolph,18135,The City of Union City,-84.817192,40.190693
3017770,MN,Pipestone,27117,Tholen & Petersen,-96.096291,44.074993
3017765,MN,Pipestone,27117,Tholen & Petersen,-96.130394,44.111191
3078140,ID,Twin Falls,16083,Thousand Springs,-114.966805,42.871613
3078135,ID,Twin Falls,16083,Thousand Springs,-114.966805,42.893803
3071442,OH,Medina,39103,Three D Metals Corporation,-81.883057,41.248146
3019219,OR,Morrow,41049,Threemile Canyon,-119.938889,45.677494
3019218,OR,Morrow,41049,Threemile Canyon,-119.937683,45.675896
3081855,OK,Kay,40071,Thunder Ranch,-97.377029,36.605915
3075538,OK,Noble,40103,Thunder Ranch,-97.158485,36.589211
3052964,ND,Adams,38001,Thunder Spirit,-102.583313,46.092682
3049588,ND,Adams,38001,Thunder Spirit,-102.638069,46.084072
3087103,ND,Adams,38001,Thunder Spirit II,-102.5112,46.054436
3087257,ND,Adams,38001,Thunder Spirit II,-102.557243,46.035713
3102028,NE,Wheeler,31183,Thunderhead Wind,-98.29673,41.995491
3100228,NE,Antelope,31003,Thunderhead Wind,-98.285942,42.068058
3034387,OH,Paulding,39125,Timber Road II,-84.716293,41.031792
3034356,OH,Paulding,39125,Timber Road II,-84.718292,41.024693
3097759,OH,Paulding,39125,Timber Road IV,-84.697861,41.000702
3097007,OH,Paulding,39125,Timber Road IV,-84.651619,41.081017
3134879,NC,Chowan,37041,Timbermill Wind,-76.59539,36.185535
3134978,NC,Chowan,37041,Timbermill Wind,-76.600212,36.14399
3007209,IN,Marion,18097,Time Factory Wind,-86.236496,39.871094
3017041,AK,Nome Census Area,02180,Tin City Long Range Radar Station,-167.962418,65.568611
3031857,IN,Kosciusko,18085,Tippecanoe Valley School Corporation,-86.044098,41.110992
3030731,SD,Hand,46059,Titan I,-99.107994,44.479694
3030729,SD,Hand,46059,Titan I,-99.12249,44.479992
3005919,IA,Floyd,19067,Tjaden Farms,-92.623489,43.156551
3032899,AK,Bethel Census Area,02050,Toksook Bay,-165.115082,60.526501
3071299,AK,Bethel Census Area,02050,Toksook Bay,-165.111298,60.525944
3035854,AK,Bethel Census Area,02050,Toksook Bay Expansion,-165.116974,60.526302
3054506,UT,Tooele,49045,Tooele Army Depot II,-112.369781,40.501865
3012236,IA,Worth,19195,Top of Iowa,-93.410194,43.339291
3012420,IA,Worth,19195,Top of Iowa,-93.414093,43.390694
3070762,IA,Worth,19195,Top of Iowa II,-93.29847,43.353333
3070307,IA,Worth,19195,Top of Iowa II,-93.3181,43.361156
3070743,IA,Worth,19195,Top of Iowa III,-93.297134,43.366451
3070245,IA,Worth,19195,Top of Iowa III,-93.291901,43.353302
3032111,WY,Converse,56009,Top of the World,-105.759789,42.962791
3032081,WY,Converse,56009,Top of the World,-105.794991,42.944992
3089011,TX,Duval,48131,Torrecillas,-98.722458,27.624735
3089552,TX,Duval,48131,Torrecillas,-98.790459,27.606583
3003837,NY,Oswego,36075,Town of Richland,-76.036995,43.565189
3035457,IA,Tama,19171,Traer Wind,-92.442543,42.161354
3120244,OK,Custer,40039,Traverse Wind,-98.824867,35.622192
3119547,OK,Custer,40039,Traverse Wind,-98.82515,35.734676
3085406,TX,Nolan,48353,Trent Mesa,-100.207321,32.428352
3086875,TX,Nolan,48353,Trent Mesa,-100.254059,32.455551
3088509,TX,Nolan,48353,Trent Mesa Repower,-100.16716,32.431107
3088508,TX,Nolan,48353,Trent Mesa Repower,-100.169838,32.426365
3122721,MN,Jackson,27063,Trimont Wind,-94.901093,43.781792
3122717,MN,Martin,27091,Trimont Wind,-94.828995,43.801594
3122820,TX,Archer,48009,Trinity Hills,-98.724892,33.427593
3122786,TX,Archer,48009,Trinity Hills,-98.694595,33.424194
3105588,SD,Hyde,46069,Triple H 1,-99.59684,44.422955
3100788,SD,Hyde,46069,Triple H 1,-99.559669,44.448242
3089883,MN,Otter Tail,27111,Trondhjem (Wind-Solar Hybrid),-96.161751,46.506741
3036419,ID,Twin Falls,16083,Tuana Gulch,-114.969284,42.836895
3036572,ID,Twin Falls,16083,Tuana Gulch,-114.969284,42.833794
3032407,ID,Twin Falls,16083,Tuana Springs,-115.017189,42.890995
3036709,ID,Twin Falls,16083,Tuana Springs,-115.01709,42.898594
3051144,WA,Columbia,53013,Tucannon River,-118.054085,46.472645
3052012,WA,Columbia,53013,Tucannon River,-118.083206,46.426414
3082089,CA,San Diego,06073,Tule,-116.294441,32.771603
3077730,CA,San Diego,06073,Tule,-116.273338,32.718918
3044080,AK,Bethel Census Area,02050,Tuntutuliak,-162.663376,60.337799
3044079,AK,Bethel Census Area,02050,Tuntutuliak,-162.664185,60.338299
3062472,IL,Lee,17103,Turbine EVE,-89.245003,41.637596
3034342,PA,Lancaster,42071,Turkey Hill Frey Farm,-76.456902,39.958691
3034343,PA,Lancaster,42071,Turkey Hill Frey Farm,-76.454895,39.959492
3044897,TX,Nolan,48353,Turkey Track,-100.254395,32.157993
3023886,TX,Nolan,48353,Turkey Track,-100.287491,32.199196
3088871,IA,Mitchell,19131,Turtle Creek,-92.818283,43.365475
3088674,IA,Mitchell,19131,Turtle Creek,-92.896408,43.386555
3026192,ND,Rolette,38079,Turtle Mountain College,-99.751793,48.884693
3039552,MI,Tuscola,26157,Tuscola Bay Wind,-83.645393,43.547592
3037380,MI,Tuscola,26157,Tuscola Bay Wind,-83.67363,43.497269
3045843,MI,Tuscola,26157,Tuscola II,-83.574799,43.51889
3045846,MI,Tuscola,26157,Tuscola II,-83.541824,43.572681
3023207,CO,Bent,08011,Twin Buttes,-102.887192,37.652294
3023213,CO,Bent,08011,Twin Buttes,-102.857887,37.683895
3078003,CO,Prowers,08099,Twin Buttes II,-102.456093,37.776768
3075131,CO,Prowers,08099,Twin Buttes II,-102.563324,37.772953
3022091,IL,McLean,17113,Twin Groves I,-88.656296,40.443592
3070427,IL,McLean,17113,Twin Groves I,-88.719063,40.4585
3018239,IL,McLean,17113,Twin Groves II,-88.578194,40.469391
3070452,IL,McLean,17113,Twin Groves II,-88.580254,40.423374
3042123,PA,Somerset,42111,Twin Ridges,-78.894394,39.740292
3042124,PA,Somerset,42111,Twin Ridges,-78.8918,39.741894
3050770,MT,Wheatland,30107,Two Dot,-110.084885,46.445492
3050759,MT,Wheatland,30107,Two Dot,-110.090691,46.455093
3073707,MT,Wheatland,30107,Two Dot Wind Farm,-110.093231,46.444695
3073704,MT,Wheatland,30107,Two Dot Wind Farm,-110.093216,46.444416
3055583,TX,Cooke,48097,Tyler Bluff,-97.313171,33.696754
3055582,TX,Cooke,48097,Tyler Bluff,-97.325378,33.69183
3083551,TX,Randall,48381,UL Advanced Wind Turbine Test Facility,-101.790001,34.967331
3085848,TX,Randall,48381,UL Advanced Wind Turbine Test Facility,-101.789894,34.969849
3026131,MN,Pipestone,27117,Uilk Wind Farm,-96.419594,43.981293
3026129,MN,Pipestone,27117,Uilk Wind Farm,-96.426689,43.981392
3033024,AK,Nome Census Area,02180,Unalakleet,-160.770126,63.909184
3033026,AK,Nome Census Area,02180,Unalakleet,-160.770096,63.907703
3029663,DE,Sussex,10005,University of Delaware,-75.164902,38.78289
3038398,MN,Stevens,27149,University of MN -- Morris,-95.877892,45.58469
3069613,MN,Stevens,27149,University of MN -- Morris,-95.877083,45.589645
3042077,MA,Bristol,25005,University of Massachusetts Dartmouth,-71.010597,41.62669
3006311,OH,Lucas,39095,University of Toledo Wind Turbine,-83.595192,41.643692
3088272,IA,Clay,19041,Upland Prairie,-95.29541,43.189262
3098965,IA,Clay,19041,Upland Prairie,-95.355347,43.245071
3071433,OH,Hardin,39065,Upper Scioto Valley School,-83.79055,40.689888
3071432,OH,Hardin,39065,Upper Scioto Valley School,-83.78804,40.690369
3083705,NE,Antelope,31003,Upstream,-97.932892,42.181591
3084208,NE,Antelope,31003,Upstream,-98.158295,42.232193
3086372,OH,Hancock,39063,Valfilm Wind,-83.643967,41.082603
3086409,OH,Hancock,39063,Valfilm Wind,-83.644554,41.084652
3035445,MN,Murray,27101,Valley View,-96.032394,43.903091
3035443,MN,Murray,27101,Valley View,-96.007294,43.905193
3011453,OR,Umatilla,41059,Vansycle I,-118.655388,45.932793
3067951,OR,Umatilla,41059,Vansycle I,-118.676796,45.947948
3130613,OR,Umatilla,41059,Vansycle II,-118.63839,45.913528
3130598,OR,Umatilla,41059,Vansycle II,-118.625328,45.916451
3045309,WA,Kittitas,53037,Vantage Point,-120.183983,46.957394
3045322,WA,Kittitas,53037,Vantage Point,-120.144485,46.950195
3036967,CA,Contra Costa,06013,Vasco (repower),-121.690186,37.784695
3041660,CA,Contra Costa,06013,Vasco (repower),-121.724388,37.788593
3082005,ND,McHenry,38049,Velva Wind Farm,-100.899094,48.101093
3065038,ND,McHenry,38049,Velva Wind Farm,-100.899605,48.098118
3014629,CA,San Bernardino,06071,Victorville Wind Project,-117.358292,34.557693
3086010,IA,Crawford,19047,Victory(Carroll),-95.18045,42.144485
3085984,IA,Carroll,19027,Victory(Carroll),-95.048195,42.146091
3140600,IA,Marshall,19127,"Vienna I, II Repowering",-92.780281,42.159374
3140596,IA,Tama,19171,"Vienna I, II Repowering",-92.683884,42.161995
3133722,NA,NA,NA,Vineyard Wind,-70.462784,41.086983
3138267,NA,NA,NA,Vineyard Wind,-70.860435,41.114613
3087538,CA,Kern,06029,Voyager II,-118.262527,35.070625
3087315,CA,Kern,06029,Voyager II,-118.263161,35.064137
3097057,CA,Kern,06029,Voyager Wind,-118.290215,35.04673
3097683,CA,Kern,06029,Voyager Wind,-118.27845,35.047016
3050037,RI,Kent,44003,WED Coventry 1,-71.707817,41.675499
3049224,RI,Kent,44003,WED Coventry 2,-71.703789,41.667122
3049225,RI,Kent,44003,WED Coventry 2,-71.703667,41.669716
3050039,RI,Kent,44003,WED Coventry 3,-71.721161,41.695499
3049560,RI,Kent,44003,WED Coventry 4,-71.729477,41.686527
3061027,RI,Kent,44003,WED Coventry 5,-71.699883,41.659916
3049222,RI,Kent,44003,WED Coventry 6,-71.702179,41.672016
3049223,RI,Kent,44003,WED Coventry 6,-71.703316,41.664524
3089507,RI,Providence,44007,WED Green Hill,-71.529739,41.797844
3089668,RI,Providence,44007,WED Plainfield,-71.535828,41.79607
3089696,RI,Providence,44007,WED Plainfield II,-71.539963,41.794582
3089399,RI,Providence,44007,WED Plainfield III,-71.530624,41.793526
3079977,RI,Newport,44005,WED Portsmouth 1,-71.25132,41.614353
3089381,RI,Providence,44007,WED Shun I,-71.540657,41.79845
3089367,RI,Providence,44007,WED Shun II,-71.536224,41.800133
3089169,RI,Providence,44007,WED Shun III,-71.549332,41.799068
3098967,TX,Randall,48381,WTAMU,-101.802505,34.965839
3041133,CA,Riverside,06065,Wagner,-116.555588,33.908894
3041134,CA,Riverside,06065,Wagner,-116.555588,33.907295
3057574,TX,Floyd,48153,Wake,-101.135742,33.872784
3057452,TX,Crosby,48107,Wake,-101.084045,33.763519
3044194,AK,Nome Census Area,02180,Wales Wind Energy Project,-168.086655,65.6157
3044195,AK,Nome Census Area,02180,Wales Wind Energy Project,-168.087997,65.61586
3070814,IA,Sac,19161,Wall Lake Municipal Utilities,-95.094162,42.281982
3129734,MN,Rock,27133,Walleye,-96.348495,43.664749
3129554,MN,Rock,27133,Walleye,-96.366402,43.635735
3040605,CA,Tehama,06103,Walmart Red Bluff,-122.193886,40.111195
3086687,IL,Bureau,17011,Walnut Ridge,-89.615128,41.486347
3087848,IL,Bureau,17011,Walnut Ridge,-89.514015,41.519886
3104299,IA,Pottawattamie,19155,Walnut Wind Project,-95.239594,41.436993
3104319,IA,Pottawattamie,19155,Walnut Wind Project,-95.259193,41.494095
3026413,MN,Mower,27099,Wapsipinicon Wind,-92.675591,43.743092
3076737,MN,Mower,27099,Wapsipinicon Wind,-92.674797,43.794029
3074119,WI,Marathon,55073,Wausau High School,-89.596634,44.979424
3049456,KS,Coffey,20031,Waverly,-95.517311,38.385742
3049433,KS,Coffey,20031,Waverly,-95.540657,38.359104
3074520,IA,Bremer,19017,Waverly III (Skeets 4),-92.438759,42.762283
3013843,PA,Wayne,42127,Waymart Wind Farm,-75.432198,41.592091
3013832,PA,Wayne,42127,Waymart Wind Farm,-75.437897,41.613194
3122886,OK,Custer,40039,Weatherford Wind Energy Center,-98.786392,35.519196
3122904,OK,Custer,40039,Weatherford Wind Energy Center,-98.779694,35.497894
3122946,OK,Custer,40039,Weatherford Wind Energy Center Expansion,-98.701889,35.480095
3122954,OK,Custer,40039,Weatherford Wind Energy Center Expansion,-98.704193,35.480095
3107959,ME,Hancock,23009,Weaver,-68.233978,44.745205
3105404,ME,Hancock,23009,Weaver,-68.225182,44.825569
3046732,IA,Grundy,19075,Wellsburg,-92.950302,42.381413
3046602,IA,Grundy,19075,Wellsburg,-92.956314,42.377094
3104893,SD,Jerauld,46073,Wessington Springs,-98.58139,44.024994
3104910,SD,Jerauld,46073,Wessington Springs,-98.571793,44.022991
3034957,IN,Pulaski,18131,West Central School Corporation,-86.885483,41.027817
3014729,MN,Pipestone,27117,West Pipestone (Maiden Winds),-96.440887,44.020992
3014728,MN,Pipestone,27117,West Pipestone (Maiden Winds),-96.43309,44.02079
3101810,TX,Willacy,48489,West Raymond,-97.71431,26.376614
3109054,TX,Willacy,48489,West Raymond,-97.817032,26.416847
3061074,KS,Ford,20057,Western Plains,-99.640717,37.881393
3060955,KS,Ford,20057,Western Plains,-99.640877,37.871021
3120345,KS,Gove,20063,Western Plains/Smokey Hills Energy,-100.732635,39.121666
3113330,NM,Torrance,35057,Western Spirit,-105.470467,34.389984
3113624,NM,Torrance,35057,Western Spirit,-105.324867,34.454796
3111195,TX,Wilbarger,48487,Western Trail,-99.035698,33.8535
3112064,TX,Wilbarger,48487,Western Trail,-99.102859,33.870098
3011746,NY,Wyoming,36121,Wethersfield,-78.245796,42.684093
3011744,NY,Wyoming,36121,Wethersfield,-78.245895,42.681992
3023268,OR,Gilliam,41021,Wheatfield,-120.324387,45.669395
3023270,OR,Gilliam,41021,Wheatfield,-120.324989,45.672493
3101409,OR,Morrow,41049,Wheatridge Wind,-119.540237,45.459915
3100952,OR,Morrow,41049,Wheatridge Wind,-119.566795,45.488258
3052942,OH,Hancock,39063,Whirlpool Corp. Findlay Wind Farm,-83.643524,41.099743
3052941,OH,Hancock,39063,Whirlpool Corp. Findlay Wind Farm,-83.644386,41.101212
3083439,OH,Marion,39101,Whirlpool Corp. Marion Wind Farm,-83.178749,40.591232
3081945,OH,Marion,39101,Whirlpool Corp. Marion Wind Farm,-83.175552,40.590714
3081135,OH,Putnam,39137,Whirlpool Corp. Ottawa Wind Farm,-84.033714,41.002811
3088010,OH,Darke,39037,Whirlpool Corporation - Greenville Wind Farm,-84.61512,40.127907
3090335,OH,Darke,39037,Whirlpool Corporation - Greenville Wind Farm,-84.608215,40.127792
3019316,TX,Floyd,48153,Whirlwind Energy Center,-101.094994,34.092793
3019973,TX,Floyd,48153,Whirlwind Energy Center,-101.103989,34.156796
3028103,IA,Franklin,19069,Whispering Willow I,-93.224991,42.616291
3028060,IA,Franklin,19069,Whispering Willow I,-93.292496,42.637691
3092322,IA,Franklin,19069,Whispering Willow North,-93.485527,42.740646
3092455,IA,Franklin,19069,Whispering Willow North,-93.383759,42.808575
3095763,MO,Nodaway,29147,White Cloud,-94.940552,40.250023
3093981,MO,Nodaway,29147,White Cloud,-94.936554,40.268532
3018544,WA,Klickitat,53039,White Creek,-120.324287,45.801792
3018514,WA,Klickitat,53039,White Creek,-120.360489,45.830395
3046523,MN,Becker,27005,White Earth Tribe,-95.859604,47.089199
3107879,AZ,Mohave,04015,White Hills,-114.432747,35.812992
3107165,AZ,Mohave,04015,White Hills,-114.458488,35.836384
3113458,TX,Crockett,48105,White Mesa,-101.198784,30.936741
3113299,TX,Crockett,48105,White Mesa,-101.21244,30.881063
3031602,IL,McLean,17113,White Oak,-89.070694,40.614491
3031583,IL,McLean,17113,White Oak,-89.051392,40.586193
3132513,OK,Caddo,40015,White Rock East,-98.272293,34.991962
3131651,OK,Caddo,40015,White Rock East,-98.222473,34.935982
3129509,OK,Caddo,40015,White Rock West,-98.240341,34.977409
3130795,OK,Caddo,40015,White Rock West,-98.208488,34.980518
3045597,TX,Webb,48479,White Tail,-99.010292,27.468895
3045713,TX,Webb,48479,White Tail,-98.98819,27.493195
3007164,CA,Riverside,06065,Whitewater Hill,-116.630989,33.924496
3133471,CA,Riverside,06065,Whitewater Hill,-116.626938,33.92625
3094762,IL,Logan,17107,Whitney Hill,-89.22924,39.954823
3096550,IL,Logan,17107,Whitney Hill,-89.251442,39.977253
3015915,WA,Kittitas,53037,Wild Horse I,-120.194588,47.009594
3015996,WA,Kittitas,53037,Wild Horse I,-120.222282,47.049892
3029488,WA,Kittitas,53037,Wild Horse II,-120.226585,47.071293
3029481,WA,Kittitas,53037,Wild Horse II,-120.233284,47.056194
3109697,TX,Cooke,48097,Wildcat Creek (Cooke Wind Farm),-97.308823,33.516346
3107623,TX,Cooke,48097,Wildcat Creek (Cooke Wind Farm),-97.353241,33.555862
3045802,IN,Madison,18095,Wildcat I,-85.795593,40.329792
3045747,IN,Tipton,18159,Wildcat I,-85.925598,40.361691
3087635,TX,Cochran,48079,Wildcat Ranch,-102.878784,33.504086
3087695,TX,Cochran,48079,Wildcat Ranch,-102.921539,33.547432
3040114,NM,Lea,35025,Wildcat Wind Project,-103.273293,32.949295
3040111,NM,Lea,35025,Wildcat Wind Project,-103.282288,32.951996
3089281,OK,Pushmataha,40127,Wildhorse Mountain Wind Facility,-95.205894,34.592041
3089418,OK,Pushmataha,40127,Wildhorse Mountain Wind Facility,-95.234001,34.590591
3020350,TX,Oldham,48359,Wildorado,-102.348389,35.290894
3020471,TX,Oldham,48359,Wildorado,-102.310989,35.283195
3026616,MA,Berkshire,25003,Williams Stone,-73.069901,42.234192
3030661,MN,Kandiyohi,27067,Willmar,-95.006927,45.159325
3030660,MN,Kandiyohi,27067,Willmar,-95.007996,45.156693
3045234,OR,Morrow,41049,Willow Creek,-119.986389,45.646496
3045192,OR,Gilliam,41021,Willow Creek,-120.017784,45.655994
3094534,SD,Butte,46019,Willow Creek Wind Energy,-103.278488,44.888103
3094167,SD,Butte,46019,Willow Creek Wind Energy,-103.28949,44.870281
3050395,OR,Baker,41001,Willow Spring,-117.272476,44.381859
3057152,OR,Baker,41001,Willow Spring,-117.277245,44.380787
3077090,TX,Haskell,48207,Willow Springs Wind Farm,-99.713943,33.393688
3075708,TX,Haskell,48207,Willow Springs Wind Farm,-99.648293,33.316692
3012485,MN,Nobles,27105,Wilmont Hills,-95.853493,43.754791
3104834,ND,Burleigh,38015,Wilton Wind Energy Center II,-100.63987,47.114449
3104830,ND,Burleigh,38015,Wilton Wind Energy Center II,-100.666893,47.122192
3122985,ND,Burleigh,38015,Wilton Wind Farm,-100.673088,47.118092
3122969,ND,Burleigh,38015,Wilton Wind Farm,-100.69059,47.118092
3045854,IN,Randolph,18135,Winchester,-84.977432,40.189621
3049139,CT,Litchfield,09005,Wind Colebrook South,-73.145027,41.964752
3049138,CT,Litchfield,09005,Wind Colebrook South,-73.145882,41.962429
3069567,IA,Adair,19001,Wind GEM,-94.339256,41.469986
3025701,IA,Mitchell,19131,Wind Vision,-92.888794,43.348091
3037595,IA,Worth,19195,Wind Walkers,-93.221489,43.384693
3115625,CA,Kern,06029,Wind Wall,-118.331543,35.104248
3115719,CA,Kern,06029,Wind Wall,-118.32296,35.096355
3028559,CA,Kern,06029,Windland,-118.334381,35.091591
3037099,CA,Kern,06029,Windstar,-118.37928,35.06366
3036611,CA,Kern,06029,Windstar,-118.35939,35.068596
3048051,TX,Archer,48009,Windthorst-2,-98.487274,33.504223
3048038,TX,Archer,48009,Windthorst-2,-98.529114,33.503204
3071520,WA,Klickitat,53039,Windy Point I (Tuolomne Wind Project),-120.628906,45.76823
3026684,WA,Klickitat,53039,Windy Point I (Tuolomne Wind Project),-120.70089,45.745995
3032683,WA,Klickitat,53039,Windy Point II,-120.592583,45.783894
3028594,WA,Klickitat,53039,Windy Point II,-120.838287,45.721294
3062545,WA,Klickitat,53039,Windy Point II (Windy Flats),-120.811729,45.717255
3065521,WA,Klickitat,53039,Windy Point II (Windy Flats),-120.779839,45.727936
3033016,WA,Klickitat,53039,Windy Point IIa (Windy Flats Extension),-120.871788,45.698593
3033005,WA,Klickitat,53039,Windy Point IIa (Windy Flats Extension),-120.850082,45.704994
3071213,MN,Todd,27153,Wing River Wind,-95.116104,46.343666
3025565,IA,Winnebago,19189,Winnebago I,-93.76519,43.312191
3025558,IA,Winnebago,19189,Winnebago I,-93.778694,43.32579
3031735,MN,Winona,27169,Winona,-91.920692,44.115391
3068342,CA,Riverside,06065,Wintec Palm,-116.559288,33.912121
3006165,CA,Riverside,06065,Wintec Palm,-116.559288,33.910995
3042790,IA,Cass,19029,Wiota Wind,-94.876816,41.39143
3071258,MN,Nobles,27105,Wolf,-95.780365,43.585896
3074601,MN,Nobles,27105,Wolf,-95.776154,43.585953
3112468,TX,Cooke,48097,Wolf Ridge,-97.440468,33.727783
3107347,TX,Cooke,48097,Wolf Ridge,-97.4188,33.720951
3034997,IA,Adair,19001,Wolverine,-94.444794,41.393093
3045364,ID,Bonneville,16019,Wolverine Creek,-111.835892,43.384995
3045361,ID,Bonneville,16019,Wolverine Creek,-111.867989,43.389095
3008244,MA,Barnstable,25001,Woods Hole Research Center,-70.643204,41.548992
3100535,MN,Pipestone,27117,Woodstock Hills Repower,-96.079437,43.981159
3100533,MN,Pipestone,27117,Woodstock Hills Repower,-96.075165,43.982895
3031896,MN,Pipestone,27117,Woodstock Municipal Wind,-96.227264,44.024387
3090799,TX,Pecos,48371,Woodward Mountain I,-102.465492,30.929094
3090469,TX,Pecos,48371,Woodward Mountain I,-102.473793,30.884195
3090451,TX,Pecos,48371,Woodward Mountain II,-102.424492,30.943895
3090405,TX,Pecos,48371,Woodward Mountain II,-102.366089,30.966394
3041263,CO,Yuma,08125,Wray School District,-102.223289,40.050995
3005468,OH,Crawford,39033,Wynford Local Schools,-83.019592,40.822792
3061837,OH,Crawford,39033,Wynford Local Schools,-83.019608,40.823952
3036587,ID,Twin Falls,16083,Yahoo Creek,-115.006485,42.758293
3036378,ID,Twin Falls,16083,Yahoo Creek,-114.986389,42.761795
3126779,TX,Young,48503,Young Wind Project,-98.901817,33.149761
3124106,TX,Young,48503,Young Wind Project,-98.891838,33.142357
3013708,IA,Osceola,19143,Zachary Ridge,-95.65773,43.40596
3013709,IA,Osceola,19143,Zachary Ridge,-95.65477,43.405952
3090011,OH,Hancock,39063,Zephyr Wind Project,-83.63913,41.094406
3052503,OH,Hancock,39063,Zephyr Wind Project,-83.642578,41.09766
3091399,OH,Hancock,39063,Zephyr Wind Project 2.0,-83.637772,41.093071
3091319,OH,Hancock,39063,Zephyr Wind Project 2.0,-83.636658,41.091908
3042424,NY,Ontario,36069,Zotos,-76.968452,42.887146
3042425,NY,Ontario,36069,Zotos,-76.967651,42.886246
3113067,IA,Adair,19001,unknown Adair,-94.391953,41.192509
3113068,IA,Adair,19001,unknown Adair,-94.351357,41.175571
3133669,IA,Adams,19003,unknown Adams,-94.62645,41.112991
3133473,IA,Adams,19003,unknown Adams,-94.609406,41.110439
3042505,VT,Addison,50001,unknown Addison,-73.310699,44.002792
3137997,WY,Albany,56001,unknown Albany,-106.063927,41.5877
3138759,WY,Albany,56001,unknown Albany,-106.016464,41.555691
3136958,MD,Allegany,24001,unknown Allegany,-78.89045,39.592705
3137016,MD,Allegany,24001,unknown Allegany,-78.885368,39.612747
3132214,TX,Armstrong,48011,unknown Armstrong,-101.325829,35.095757
3132234,TX,Armstrong,48011,unknown Armstrong,-101.334999,35.005253
3100254,IA,Audubon,19009,unknown Audubon,-94.82235,41.697857
3093593,IA,Audubon,19009,unknown Audubon,-94.811531,41.756641
3044075,AK,Bethel Census Area,02050,unknown Bethel Census Area,-163.154999,59.872452
3045436,AK,Bethel Census Area,02050,unknown Bethel Census Area,-161.789841,60.797009
3124354,OK,Blaine,40011,unknown Blaine,-98.567886,35.771057
3124285,OK,Blaine,40011,unknown Blaine,-98.545532,35.794956
3127317,IA,Boone,19015,unknown Boone,-93.817444,42.176773
3127356,IA,Boone,19015,unknown Boone,-93.80172,42.178791
3138967,MN,Brown,27015,unknown Brown,-94.713837,44.416222
3085854,IA,Buena Vista,19021,unknown Buena Vista,-95.362892,42.851891
3117025,IL,Bureau,17011,unknown Bureau,-89.580078,41.241123
3117802,IL,Bureau,17011,unknown Bureau,-89.579254,41.265427
3039580,NE,Butler,31023,unknown Butler,-97.111458,41.205013
3131965,OK,Caddo,40015,unknown Caddo,-98.186462,34.966366
3136941,OK,Caddo,40015,unknown Caddo,-98.324524,34.997803
3139414,PA,Cambria,42021,unknown Cambria,-78.652557,40.659328
3139261,PA,Cambria,42021,unknown Cambria,-78.682693,40.7216
3106485,TX,Cameron,48061,unknown Cameron,-97.486069,26.269552
3107894,TX,Cameron,48061,unknown Cameron,-97.482605,26.271378
3101707,WY,Carbon,56007,unknown Carbon,-106.328735,41.915947
3101446,WY,Carbon,56007,unknown Carbon,-106.291626,41.913994
3034179,ND,Cass,38017,unknown Cass,-96.836243,46.921913
3139591,TX,Castro,48069,unknown Castro,-102.005356,34.363987
3140306,TX,Castro,48069,unknown Castro,-102.088356,34.390373
3136974,NY,Cattaraugus,36009,unknown Cattaraugus,-78.355843,42.468754
3137093,NY,Cattaraugus,36009,unknown Cattaraugus,-78.420235,42.413239
3049842,NY,Cayuga,36011,unknown Cayuga,-76.582039,42.663563
3122996,NY,Chautauqua,36013,unknown Chautauqua,-79.116371,42.55933
3113062,NM,Chaves,35005,unknown Chaves,-103.803337,33.11697
3049808,IA,Cherokee,19035,unknown Cherokee,-95.557167,42.769428
3131500,IA,Chickasaw,19037,unknown Chickasaw,-92.311302,43.148758
3001376,NV,Clark,32003,unknown Clark,-114.836189,35.955196
3139312,PA,Clearfield,42033,unknown Clearfield,-78.667938,40.732822
3139411,PA,Clearfield,42033,unknown Clearfield,-78.655258,40.725704
3129110,AZ,Coconino,04005,unknown Coconino,-110.827492,34.701584
3129525,AZ,Coconino,04005,unknown Coconino,-110.831558,34.703583
3075602,SD,Codington,46029,unknown Codington,-97.054115,44.893368
3040942,TX,Collin,48085,unknown Collins,-96.61689,33.221596
3040943,TX,Collin,48085,unknown Collins,-96.616493,33.221596
3100702,WY,Converse,56009,unknown Converse,-105.580284,43.132942
3130003,WY,Converse,56009,unknown Converse,-105.690453,43.083527
3139502,TX,Crockett,48105,unknown Crockett,-101.818169,30.979145
3140301,TX,Crockett,48105,unknown Crockett,-101.847099,30.96723
3139618,AR,Cross,05037,unknown Cross,-90.803543,35.245098
3140238,AR,Cross,05037,unknown Cross,-90.844238,35.226582
3098587,NE,Cuming,31039,unknown Cuming,-96.861832,42.019974
3119968,OK,Custer,40039,unknown Custer,-98.771233,35.620754
3120269,OK,Custer,40039,unknown Custer,-98.793083,35.656544
3045865,NE,Dakota,31043,unknown Dakota,-96.435936,42.413845
3045866,NE,Dakota,31043,unknown Dakota,-96.495224,42.380867
3094102,TX,Deaf Smith,48117,unknown Deaf Smith,-102.275093,35.175026
3113103,MI,Delta,26041,unknown Delta,-86.615761,45.728638
3127563,ND,Dickey,38021,unknown Dickey,-98.919983,46.117847
3139380,ND,Dickey,38021,unknown Dickey,-98.889465,46.129646
3057398,TX,El Paso,48141,unknown El Paso,-106.40567,31.788097
3057399,TX,El Paso,48141,unknown El Paso,-106.405434,31.788124
3086867,NY,Erie,36029,unknown Erie,-78.929062,42.977791
3052682,NY,Erie,36029,unknown Erie,-78.931122,42.977005
3011368,KS,Ford,20057,unknown Ford,-99.984909,37.760006
3038383,NE,Garden,31069,unknown Garden,-102.350998,41.4035
3089519,OK,Garfield,40047,unknown Garfield,-97.59597,36.280277
3088580,OK,Garfield,40047,unknown Garfield,-97.566315,36.279404
3096483,NY,Genesee,36037,unknown Genesee,-78.403236,43.000549
3138811,MO,Gentry,29075,unknown Gentry,-94.516579,40.099243
3098983,OR,Gilliam,41021,unknown Gilliam,-120.245819,45.668049
3094233,SD,Grant,46051,unknown Grant,-96.859589,45.198864
3138066,WV,Grant,54023,unknown Grant,-79.180946,39.247261
3108799,MI,Gratiot,26057,unknown Gratiot,-84.730537,43.229679
3113082,MI,Gratiot,26057,unknown Gratiot,-84.762154,43.14819
3029778,NY,Greene,36039,unknown Greene,-74.043701,42.353592
3035001,ND,Griggs,38039,unknown Griggs,-98.124802,47.436501
3061033,ND,Griggs,38039,unknown Griggs,-98.124504,47.435635
3110782,IL,Grundy,17063,unknown Grundy,-88.410423,41.115932
3038365,MO,Grundy,29079,unknown Grundy,-93.576096,40.061295
3090233,OH,Guernsey,39059,unknown Guernsey,-81.575844,40.006344
3000804,TX,Hansford,48195,unknown Hansford,-101.208694,36.197395
3137966,KS,Harper,20077,unknown Harper,-98.061935,37.350891
3138159,KS,Harper,20077,unknown Harper,-98.025352,37.346607
3002799,KS,Harvey,20079,unknown Harvey,-97.280396,38.030891
3040422,HI,Hawaii,15001,unknown Hawaii,-155.804489,20.240572
3140317,TX,Hidalgo,48215,unknown Hidalgo,-98.353142,26.42733
3139916,TX,Hidalgo,48215,unknown Hidalgo,-98.299461,26.464266
3034116,NE,Hooker,31091,unknown Hooker,-101.045288,42.046894
3131885,SD,Hughes,46065,unknown Hughes,-99.721176,44.422932
3034734,MO,Johnson,29101,unknown Johnson 3,-93.793892,38.783295
3041468,TX,Kent,48263,unknown Kent,-100.573357,33.256733
3041467,TX,Kent,48263,unknown Kent,-100.57338,33.25729
3088593,CA,Kern,06029,unknown Kern,-118.317642,35.064556
3088590,CA,Kern,06029,unknown Kern,-118.296982,35.043163
3137887,KS,Kingman,20095,unknown Kingman,-97.996536,37.387321
3137972,KS,Kingman,20095,unknown Kingman,-98.014572,37.391399
3049389,NY,Kings,36047,unknown Kings,-74.008804,40.663235
3061425,KS,Kiowa,20097,unknown Kiowa,-99.298805,37.605576
3129178,CO,Kit Carson,08063,unknown Kit Carson,-102.883987,39.173088
3129454,CO,Kit Carson,08063,unknown Kit Carson,-102.891403,39.143932
3103162,IA,Kossuth,19109,unknown Kossuth,-94.116592,42.983433
3001855,AK,Northwest Arctic Borough,02188,unknown Kotzebue Wind Project,-162.551575,66.837898
3003325,AK,Northwest Arctic Borough,02188,unknown Kotzebue Wind Project,-162.557327,66.834328
3133744,IL,LaSalle,17099,unknown LaSalle,-88.954849,40.930473
3133624,IL,LaSalle,17099,unknown LaSalle,-88.964012,41.017593
3036760,AK,Lake and Peninsula Borough,02164,unknown Lake and Peninsula Borough,-154.764297,59.446339
3089665,AK,Lake and Peninsula Borough,02164,unknown Lake and Peninsula Borough,-157.5466,57.565571
3039872,NV,Lander,32015,unknown Lander,-117.268288,39.431965
3085853,NM,Lea,35025,unknown Lea,-103.192581,32.758369
3000227,NM,Lea,35025,unknown Lea 2,-103.375587,32.994194
3009753,NM,Lea,35025,unknown Lea 3,-103.444893,33.001194
3129553,TX,Limestone,48293,unknown Limestone,-96.703468,31.766716
3133830,NM,Lincoln,35027,unknown Lincoln,-105.411293,34.075577
3133889,NM,Lincoln,35027,unknown Lincoln,-105.458862,33.86401
3002047,MN,Lincoln,27081,unknown Lincoln 1,-96.157692,44.307793
3140215,OK,Logan,40083,unknown Logan,-97.517181,36.155151
3139285,OK,Logan,40083,unknown Logan,-97.402946,36.132938
3052684,OH,Lorain,39093,unknown Lorain,-82.042625,41.339909
3052685,OH,Lorain,39093,unknown Lorain,-82.041527,41.340584
3087214,TX,Lubbock,48303,unknown Lubbock,-102.048637,33.609192
3087216,TX,Lubbock,48303,unknown Lubbock,-102.048637,33.607967
3039296,NE,Madison,31119,unknown Madison,-97.388779,42.05138
3127507,WI,Manitowoc,55071,unknown Manitowoc,-87.619507,44.154083
3139323,TX,Matagorda,48321,unknown Matagorda,-95.868385,28.913584
3140041,TX,Matagorda,48321,unknown Matagorda,-96.001038,28.917255
3131623,IL,McLean,17113,unknown McLean,-89.049507,40.512859
3088199,MT,Meagher,30059,unknown Meagher,-110.343636,46.432053
3088240,MT,Meagher,30059,unknown Meagher,-110.366028,46.429207
3134677,KY,Mercer,21167,unknown Mercer,-84.723106,37.779549
3052515,NY,Montgomery,36057,unknown Montgomery,-74.459503,42.858387
3066633,NY,Montgomery,36057,unknown Montgomery,-74.560989,42.951988
3139250,OR,Morrow,41049,unknown Morrow,-119.417976,45.473164
3139328,OR,Morrow,41049,unknown Morrow,-119.413124,45.461075
3128892,MN,Murray,27101,unknown Murray,-96.017281,43.998497
3119439,OK,Murray,40099,unknown Murray,-97.264252,34.403587
3139646,NA,NA,NA,unknown NA,-71.0159,41.162273
3139587,NA,NA,NA,unknown NA,-70.947639,41.079807
3133778,WY,Natrona,56025,unknown Natrona,-106.340309,43.127396
3134903,WY,Natrona,56025,unknown Natrona,-106.229729,43.224312
3138444,AZ,Navajo,04017,unknown Navajo,-110.446297,34.718746
3139795,AZ,Navajo,04017,unknown Navajo,-110.407967,34.772186
3130278,TX,Navarro,48349,unknown Navarro,-96.581261,31.883472
3094401,KS,Neosho,20133,unknown Neosho,-95.403084,37.510193
3011437,IN,Newton,18111,unknown Newton,-87.437996,40.761993
3086886,NY,Niagara,36063,unknown Niagara,-78.493965,43.282898
3139873,OK,Noble,40103,unknown Noble,-97.421158,36.205299
3140080,OK,Noble,40103,unknown Noble,-97.414169,36.200603
3138874,MN,Nobles,27105,unknown Nobles,-95.789078,43.726589
3095201,MO,Nodaway,29147,unknown Nodaway,-94.939476,40.171032
3095677,MO,Nodaway,29147,unknown Nodaway,-94.921982,40.164543
3138970,TX,Nolan,48353,unknown Nolan,-100.573219,32.401768
3138988,TX,Nolan,48353,unknown Nolan,-100.579422,32.408623
3057326,AK,Nome Census Area,02180,unknown Nome Census Area,-166.059753,66.258034
3132049,AK,North Slope Borough,02185,unknown North Slope Borough,-148.413635,70.209709
3131841,AK,North Slope Borough,02185,unknown North Slope Borough,-148.41362,70.208321
3050409,AK,Northwest Arctic Borough,02188,unknown Northwest Arctic Borough,-162.764969,66.085564
3047058,AK,Northwest Arctic Borough,02188,unknown Northwest Arctic Borough,-161.286972,65.963448
3090307,TX,Oldham,48359,unknown Oldham,-102.290627,35.204842
3092813,TX,Oldham,48359,unknown Oldham,-102.345497,35.185879
3137304,MN,Olmsted,27109,unknown Olmsted,-92.609169,43.889748
3137567,MN,Olmsted,27109,unknown Olmsted,-92.609123,43.8885
3077968,NY,Oneida,36065,unknown Oneida,-75.445847,42.976818
3086750,NY,Oneida,36065,unknown Oneida,-75.448891,42.974724
3139321,IA,Palo Alto,19147,unknown Palo Alto,-94.741104,43.174095
3139223,IA,Palo Alto,19147,unknown Palo Alto,-94.750534,43.179272
3092153,TX,Pecos,48371,unknown Pecos,-102.100113,30.91452
3110835,TX,Pecos,48371,unknown Pecos,-102.467148,30.957197
3009712,SD,Pennington,46103,unknown Pennington 2,-102.971489,44.112095
3138068,IL,Piatt,17147,unknown Piatt,-88.620323,40.135197
3137990,IL,Piatt,17147,unknown Piatt,-88.580574,40.261791
3139582,IL,Pike,17149,unknown Pike,-90.858994,39.610207
3138885,IL,Pike,17149,unknown Pike,-90.892181,39.634243
3083788,MN,Pipestone,27117,unknown Pipestone,-96.113556,44.060989
3042459,IA,Polk,19153,unknown Polk,-93.738007,41.70842
3056121,IA,Polk,19153,unknown Polk,-93.547928,41.792606
3045879,IA,Pottawattamie,19155,unknown Pottawattamie,-95.857811,41.290985
3106857,OK,Pushmataha,40127,unknown Pushmataha,-95.177238,34.588215
3088696,OK,Pushmataha,40127,unknown Pushmataha,-95.20153,34.592419
3139212,NM,Quay,35037,unknown Quay,-103.381447,34.977489
3108934,IN,Randolph,18135,unknown Randolph,-85.152908,40.111691
3108793,IN,Randolph,18135,unknown Randolph,-85.18972,40.041882
3008869,NE,Red Willow,31145,unknown Red Willow,-100.644691,40.160194
3102982,MN,Renville,27129,unknown Renville,-95.006805,44.777363
3140144,MN,Renville,27129,unknown Renville,-94.649139,44.552277
3129200,KS,Republic,20157,unknown Republic,-97.504692,39.883675
3133709,CA,Riverside,06065,unknown Riverside,-116.657837,33.937244
3101857,CA,Riverside,06065,unknown Riverside,-116.609268,33.950459
3129572,MT,Rosebud,30087,unknown Rosebud,-106.184242,46.83176
3101025,IA,Sac,19161,unknown Sac,-95.144775,42.306366
3108637,IA,Sac,19161,unknown Sac,-95.262024,42.271103
3093747,NE,Saline,31151,unknown Saline,-97.344734,40.454929
3095155,NE,Saline,31151,unknown Saline,-97.337891,40.471752
3064001,PR,San Juan Municipio,72127,unknown San Juan Municipio,-66.086853,18.429449
3008640,NM,San Miguel,35047,unknown San Miguel 1,-105.097191,35.695995
3131497,OH,Sandusky,39143,unknown Sandusky,-83.359291,41.463467
3124485,OH,Sandusky,39143,unknown Sandusky,-83.134529,41.44075
3034494,NE,Scotts Bluff,31157,unknown Scotts Bluff,-103.681992,41.843891
3106228,MN,Sherburne,27141,unknown Sherburne,-93.515541,45.269657
3079357,ND,Sioux,38085,unknown Sioux,-100.67955,46.08416
3044244,WA,Snohomish,53061,unknown Snohomish,-122.258682,47.927795
3102321,CA,Solano,06095,unknown Solano,-121.781288,38.488888
3102800,CA,Solano,06095,unknown Solano,-121.780487,38.488876
3133670,ME,Somerset,23025,unknown Somerset,-69.85231,45.156258
3139075,ME,Somerset,23025,unknown Somerset,-69.85733,45.153698
3139439,TX,Stephens,48429,unknown Stephens,-98.747894,32.528412
3139424,TX,Stephens,48429,unknown Stephens,-98.670326,32.569237
3138015,NY,Steuben,36101,unknown Steuben,-77.561226,42.394547
3137971,NY,Steuben,36101,unknown Steuben,-77.575172,42.411541
3138997,MT,Stillwater,30095,unknown Stillwater,-109.447723,45.870483
3138590,MT,Stillwater,30095,unknown Stillwater,-109.40873,45.92783
3138383,KS,Sumner,20191,unknown Sumner,-97.21064,37.255653
3139011,KS,Sumner,20191,unknown Sumner,-97.237991,37.270363
3139904,TX,Swisher,48437,unknown Swisher,-101.9767,34.412605
3140281,TX,Swisher,48437,unknown Swisher,-101.980309,34.445107
3134861,IA,Tama,19171,unknown Tama,-92.646095,42.087105
3134898,IA,Tama,19171,unknown Tama,-92.622009,42.132511
3000470,CA,Kern,06029,unknown Tehachapi Wind Resource Area 1,-118.247391,35.078594
3007314,CA,Kern,06029,unknown Tehachapi Wind Resource Area 1,-118.312691,35.062695
3011100,CA,Kern,06029,unknown Tehachapi Wind Resource Area 3,-118.28669,35.048996
3008081,CA,Kern,06029,unknown Tehachapi Wind Resource Area 3,-118.279686,35.050396
3138822,NM,Torrance,35057,unknown Torrance,-105.6306,34.320011
3139999,NM,Torrance,35057,unknown Torrance,-105.548531,34.363827
3035538,CA,Tulare,06107,unknown Tulare,-119.329895,36.16758
3089938,OH,Tuscarawas,39157,unknown Tuscarawas,-81.469933,40.492168
3131742,MI,Tuscola,26157,unknown Tuscola,-83.555428,43.490036
3010033,NM,Union,35059,unknown Union,-103.149094,36.453495
3006012,NM,Union,35059,unknown Union,-103.132591,36.464596
3091670,TX,Upton,48461,unknown Upton,-102.157959,31.279547
3054233,UT,Utah,49049,unknown Utah,-111.5905,40.084446
3081504,UT,Utah,49049,unknown Utah,-111.589981,40.083641
3126112,CA,Ventura,06111,unknown Ventura,-119.472687,33.231766
3126024,CA,Ventura,06111,unknown Ventura,-119.474289,33.232086
3132946,VA,Virginia Beach city,51810,unknown Virginia Beach city,-76.098091,36.903801
3132739,VA,Virginia Beach city,51810,unknown Virginia Beach city,-76.096695,36.903934
3044074,AK,Wade Hampton Census Area,02270,unknown Wade Hampton Census Area,-164.530075,62.779182
3040945,AK,Wade Hampton Census Area,02270,unknown Wade Hampton,-164.671051,62.68531
3054544,WA,Walla Walla,53071,unknown Walla Walla,-118.273262,46.078655
3052179,WA,Walla Walla,53071,unknown Walla Walla,-118.272552,46.07864
3138414,ME,Washington,23029,unknown Washington,-67.913826,44.784313
3138906,ME,Washington,23029,unknown Washington,-67.833054,44.67733
3138797,NC,Watauga,37189,unknown Watauga,-81.692467,36.21397
3138733,NC,Watauga,37189,unknown Watauga,-81.692451,36.212528
3006560,MN,Watonwan,27165,unknown Watonwan,-94.546898,43.955196
3117410,NE,Wayne,31179,unknown Wayne,-97.161461,42.255001
3124609,NE,Wayne,31179,unknown Wayne,-97.226433,42.33107
3140135,TX,Wharton,48481,unknown Wharton,-96.010887,29.212809
3140160,TX,Wharton,48481,unknown Wharton,-95.964371,29.1724
3116928,IN,White,18181,unknown White,-86.972511,40.74712
3126555,TX,Willacy,48489,unknown Willacy,-97.565376,26.523558
3126040,TX,Willacy,48489,unknown Willacy,-97.643478,26.575989
3137889,IL,Woodford,17203,unknown Woodford,-89.115334,40.792835
3137985,IL,Woodford,17203,unknown Woodford,-88.99897,40.842918
3113467,OK,Woods,40151,unknown Woods,-98.557678,36.518974
3123934,OK,Woods,40151,unknown Woods,-98.557907,36.501629
3137018,NY,Wyoming,36121,unknown Wyoming,-78.375504,42.525211
3053232,NY,Wyoming,36121,unknown Wyoming,-78.187935,42.740818
3040944,TX,Young,48503,unknown Young 1,-98.551094,33.093292
3055917,CO,Yuma,08125,unknown Yuma,-102.717171,40.035072
3055918,CO,Yuma,08125,unknown Yuma,-102.716949,40.037548
